Workbook

Sheet Charts
A1: Charts
A2: Native Excel charts linked to the tables — change an input and they update. Q1 = lowest-income fifth of areas (by earners), Q5 = highest.
A4: 1. Raw numbers — how many BEVs
A69: 2. Income — BEV share and fleet rates
A134: 3. The 2026 fuel crisis
A178: 4. Top areas (full tables on the Top10 sheet)

Sheet Summary
A1: EV take-up by regional income — NSW, QLD, VIC
A2: Public state registration data vs ATO/ABS income by area. All numbers below are live formulas.
A4: Measure | B4: NSW | C4: QLD | D4: VIC | E4: Note
A5: NEW REGISTRATIONS (recent window)
A6: Window | B6: =TEXT(Inputs!$B$18,"mmm yyyy")&" – "&TEXT(Inputs!$B$16,"mmm yyyy") -> Sep 2025 – Aug 2026 | C6: =TEXT(Inputs!$B$19,"mmm yyyy")&" – "&TEXT(Inputs!$B$17,"mmm yyyy") -> Sep 2025 – Aug 2026 | D6: ="Snapshot "&TEXT(Inputs!$B$24,"mmm yyyy") -> Snapshot Jun 2026 | E6: VIC: no monthly regional series; recent-model vehicles in the fleet stand in
A7: New private registrations (count) | B7: =Flow_Group_Summary!F10 -> 282260.66 | C7: =Flow_Group_Summary!F18 -> 130616 | D7: =Flow_Group_Summary!F29 -> 422596 | E7: VIC: recent-model vehicles in the fleet
A8: New BEVs (count) | B8: =Raw_Numbers!K10 -> 46673.2 | C8: =Raw_Numbers!L10 -> 27841 | D8: =Raw_Numbers!M10 -> 60724
A9: New BEVs — lowest-income group Q1 (count) | B9: =Raw_Numbers!K5 -> 6179.25 | C9: =Raw_Numbers!L5 -> 3850 | D9: =Raw_Numbers!M5 -> 10556
A10: New BEVs — highest-income group Q5 (count) | B10: =Raw_Numbers!K9 -> 13189.275 | C10: =Raw_Numbers!L9 -> 10908 | D10: =Raw_Numbers!M9 -> 14861
A11: BEV share — all areas | B11: =Flow_Group_Summary!H10 -> 0.16535496 | C11: =Flow_Group_Summary!H18 -> 0.21315153 | D11: =Flow_Group_Summary!H29 -> 0.14369279
A12: BEV share — Q1 | B12: =Flow_Group_Summary!H5 -> 0.11327734 | C12: =Flow_Group_Summary!H13 -> 0.15853407 | D12: =Flow_Group_Summary!H24 -> 0.12258739
A13: BEV share — Q5 | B13: =Flow_Group_Summary!H9 -> 0.25071361 | C13: =Flow_Group_Summary!H17 -> 0.28606646 | D13: =Flow_Group_Summary!H28 -> 0.17597812
A14: BEV share Q5 ÷ Q1 | B14: =Flow_Group_Summary!H11 -> 2.2132724 | C14: =Flow_Group_Summary!H19 -> 1.8044478 | D14: =Flow_Group_Summary!H30 -> 1.435532 | E14: Times more likely a new car is a BEV in the richest vs poorest fifth of areas
A15: BEV share Q5 ÷ Q1 — first 12 months of data (2023) | B15: =Flow_Group_Summary!O11 -> 2.8239379 | C15: =Flow_Group_Summary!O19 -> 2.2465957 | E15: Lower now than in 2023 = the gap is narrowing as BEVs go mainstream
A16: REGISTERED FLEET (latest snapshot)
A17: Snapshot | B17: =TEXT(Inputs!$B$22,"mmm yyyy") -> Aug 2026 | C17: =TEXT(Inputs!$B$23,"mmm yyyy") -> Aug 2026 | D17: =TEXT(Inputs!$B$24,"mmm yyyy") -> Jun 2026
A18: BEVs in the fleet (count) | B18: =Raw_Numbers!N10 -> 161512.24 | C18: =Raw_Numbers!O10 -> 100829 | D18: =Raw_Numbers!P10 -> 135025 | E18: QLD: BEVs seen in any registration record since Jan 2022 (no public fleet data by region)
A19: BEVs in the fleet — Q1 (count) | B19: =Raw_Numbers!N5 -> 20720.64 | C19: =Raw_Numbers!O5 -> 11967 | D19: =Raw_Numbers!P5 -> 23022
A20: BEVs in the fleet — Q5 (count) | B20: =Raw_Numbers!N9 -> 47038 | C20: =Raw_Numbers!O9 -> 45082 | D20: =Raw_Numbers!P9 -> 35965
A21: BEVs per 1,000 vehicles — all areas | B21: =Stock_Group!Q21 -> 28.03504 | C21: n/a | D21: =Stock_Group!AA59 -> 23.594298
A22: BEVs per 1,000 vehicles — Q1 | B22: =Stock_Group!L21 -> 14.83503 | C22: n/a | D22: =Stock_Group!V59 -> 16.815267
A23: BEVs per 1,000 vehicles — Q5 | B23: =Stock_Group!P21 -> 52.839394 | C23: n/a | D23: =Stock_Group!Z59 -> 38.997483
A24: 2026 FUEL CRISIS (Middle East / Strait of Hormuz)
A25: Crisis window (onset detected from pump prices) | B25: =TEXT(Inputs!$B$28,"mmm yyyy")&" – "&TEXT(Inputs!$B$29,"mmm yyyy") -> Mar 2026 – Aug 2026 | C25: =TEXT(Inputs!$B$28,"mmm yyyy")&" – "&TEXT(Inputs!$B$29,"mmm yyyy") -> Mar 2026 – Aug 2026 | D25: ="Quarter to "&TEXT(Inputs!$B$24,"mmm yyyy") -> Quarter to Jun 2026 | E25: Compared with the same months a year earlier
A26: Retail ULP: pre-crisis average → crisis peak (c/L) | B26: =TEXT(AVERAGEIFS(Fuel_Crisis!B5:B48,Fuel_Crisis!A5:A48,">="&Inputs!$B$33,Fuel_Crisis!A5:A48,"<="&Inputs!$B$34),"0")&" → "&TEXT(_xlfn.MAXIFS(Fuel_Crisis!B5:B48,Fuel_Crisis!G5:G48,1),"0") -> 177 → 229 | C26: =TEXT(AVERAGEIFS(Fuel_Crisis!D5:D48,Fuel_Crisis!A5:A48,">="&Inputs!$B$33,Fuel_Crisis!A5:A48,"<="&Inputs!$B$34),"0")&" → "&TEXT(_xlfn.MAXIFS(Fuel_Crisis!D5:D48,Fuel_Crisis!G5:G48,1),"0") -> 180 → 229
A27: New BEVs, same months a year earlier (count) | B27: =Fuel_Crisis!G58 -> 13472 | C27: =Fuel_Crisis!G66 -> 7455 | D27: =Fuel_Crisis!H77 -> 8853 | E27: VIC: BEVs added to the fleet in the same quarter a year earlier
A28: New BEVs, crisis months (count) | B28: =Fuel_Crisis!D58 -> 32120.35 | C28: =Fuel_Crisis!D66 -> 20380 | D28: =Fuel_Crisis!E77 -> 21349 | E28: VIC: BEVs added to the fleet in the crisis quarter
A29: New petrol/diesel/hybrid regos, change vs a year earlier | B29: =Fuel_Crisis!N58 -> -0.097665511 | C29: =Fuel_Crisis!N66 -> -0.11712823
A30: BEV share: year earlier → crisis | B30: =TEXT(Fuel_Crisis!H58,"0.0%")&" → "&TEXT(Fuel_Crisis!E58,"0.0%") -> 9.4% → 21.6% | C30: =TEXT(Fuel_Crisis!H66,"0.0%")&" → "&TEXT(Fuel_Crisis!E66,"0.0%") -> 11.3% → 28.3%
A31: BEV share multiple — Q1 (× year earlier) | B31: =Fuel_Crisis!J53 -> 3.0077897 | C31: =Fuel_Crisis!J61 -> 3.2349705 | D31: =Fuel_Crisis!I72 -> 2.5643631 | E31: VIC: multiple of BEVs added to the fleet
A32: BEV share multiple — Q5 (× year earlier) | B32: =Fuel_Crisis!J57 -> 1.9941164 | C32: =Fuel_Crisis!J65 -> 2.1692501 | D32: =Fuel_Crisis!I76 -> 1.9948231 | E32: Bigger multiple in Q1 than Q5 = the shock narrowed the gap in relative terms
A33: BEV share change — Q1 / Q5 (percentage points) | B33: =TEXT(Fuel_Crisis!I53,"0.0")&" / "&TEXT(Fuel_Crisis!I57,"0.0") -> 10.6 / 15.6 | C33: =TEXT(Fuel_Crisis!I61,"0.0")&" / "&TEXT(Fuel_Crisis!I65,"0.0") -> 15.3 / 19.7 | E33: …but richer areas still added more percentage points
A36: How to read this
A37: • Income groups: areas are ranked by median income and cut into five groups that each hold about a fifth of the state's earners (NSW/QLD: LGAs; VIC: postcodes). Group ranks are within each state.
A38: • This is an area-level (ecological) comparison: it shows where BEVs are registered, not the income of the individual buyer. Areas with many retirees or students (e.g. Sunshine Coast, Melbourne CBD) have low median taxable income but not necessarily low wealth.
A39: • Novated leases (FBT-exempt for EVs since July 2022) are often registered to the employee, so they appear as private registrations and tilt BEV take-up towards areas with salaried, higher-income workers.
A40: • QLD LGAs are large (Brisbane alone is about a quarter of QLD earners), so QLD groups are lumpy; NSW LGAs and VIC postcodes give a finer gradient.
A41: • 2026 fuel crisis: the US-Israel war with Iran from late February 2026 and the effective closure of the Strait of Hormuz sent pump prices up by around 60 c/L in March (diesel higher still in April). BEV share of new private cars jumped in both NSW and QLD from March while petrol/diesel/hybrid registrations fell. See the Fuel_Crisis sheet and section 3 of Charts.
A42: • Full sources, definitions and caveats: Notes sheet. Suppression handling for NSW: Suppression sheet.

Sheet Raw_Numbers
A1: Raw numbers — vehicle counts, not shares
A2: New private registrations per month (NSW, QLD) and BEV counts by income group. NSW counts include the estimate for suppressed '<=5' cells (Inputs).
A4: Month | B4: NSW new private regos | C4: NSW BEV | D4: NSW other fuels | E4: QLD new private regos | F4: QLD BEV | G4: QLD other fuels | J4: Income group | K4: NSW new BEVs (recent window) | L4: QLD new BEVs (recent window) | M4: VIC recent-model BEVs in fleet | N4: NSW BEV fleet (latest) | O4: QLD BEVs seen since 2022 (latest) | P4: VIC BEV fleet (latest) | Q4: NSW new BEVs — year before crisis | R4: NSW new BEVs — crisis months | S4: QLD new BEVs — year before crisis | T4: QLD new BEVs — crisis months
A5: =Flow_Group_Month!A5 -> 44927 | B5: =SUM(Flow_Group_Month!B5:F5) -> 21000.302 | C5: =SUM(Flow_Group_Month!G5:K5) -> 1657.175 | D5: =B5-C5 -> 19343.127 | E5: =SUM(Flow_Group_Month!L5:P5) -> 9340 | F5: =SUM(Flow_Group_Month!Q5:U5) -> 1088 | G5: =E5-F5 -> 8252 | J5: Q1 (lowest) | K5: =Flow_Group_Summary!G5 -> 6179.25 | L5: =Flow_Group_Summary!G13 -> 3850 | M5: =Flow_Group_Summary!G24 -> 10556 | N5: =Stock_Group!G21 -> 20720.64 | O5: =Stock_Group!B43 -> 11967 | P5: =Stock_Group!G59 -> 23022 | Q5: =Fuel_Crisis!G53 -> 1449.675 | R5: =Fuel_Crisis!D53 -> 4567.65 | S5: =Fuel_Crisis!G61 -> 852 | T5: =Fuel_Crisis!D61 -> 2959
A6: =Flow_Group_Month!A6 -> 44958 | B6: =SUM(Flow_Group_Month!B6:F6) -> 17404.801 | C6: =SUM(Flow_Group_Month!G6:K6) -> 1681.875 | D6: =B6-C6 -> 15722.926 | E6: =SUM(Flow_Group_Month!L6:P6) -> 8399 | F6: =SUM(Flow_Group_Month!Q6:U6) -> 772 | G6: =E6-F6 -> 7627 | J6: Q2 | K6: =Flow_Group_Summary!G6 -> 6976.475 | L6: =Flow_Group_Summary!G14 -> 5471 | M6: =Flow_Group_Summary!G25 -> 9896 | N6: =Stock_Group!H21 -> 22211.48 | O6: =Stock_Group!C43 -> 20906 | P6: =Stock_Group!H59 -> 22092 | Q6: =Fuel_Crisis!G54 -> 1867.875 | R6: =Fuel_Crisis!D54 -> 4958.15 | S6: =Fuel_Crisis!G62 -> 1464 | T6: =Fuel_Crisis!D62 -> 3965
A7: =Flow_Group_Month!A7 -> 44986 | B7: =SUM(Flow_Group_Month!B7:F7) -> 2772.241 | C7: =SUM(Flow_Group_Month!G7:K7) -> 309.825 | D7: =B7-C7 -> 2462.416 | E7: =SUM(Flow_Group_Month!L7:P7) -> 10429 | F7: =SUM(Flow_Group_Month!Q7:U7) -> 908 | G7: =E7-F7 -> 9521 | J7: Q3 | K7: =Flow_Group_Summary!G7 -> 9659.375 | L7: =Flow_Group_Summary!G15 -> 5705 | M7: =Flow_Group_Summary!G26 -> 12000 | N7: =Stock_Group!I21 -> 30243.44 | O7: =Stock_Group!D43 -> 16754 | P7: =Stock_Group!I59 -> 25104 | Q7: =Fuel_Crisis!G55 -> 2620.75 | R7: =Fuel_Crisis!D55 -> 6742.825 | S7: =Fuel_Crisis!G63 -> 1439 | T7: =Fuel_Crisis!D63 -> 4221
A8: =Flow_Group_Month!A8 -> 45017 | B8: =SUM(Flow_Group_Month!B8:F8) -> 6474.79 | C8: =SUM(Flow_Group_Month!G8:K8) -> 402.9 | D8: =B8-C8 -> 6071.89 | E8: =SUM(Flow_Group_Month!L8:P8) -> 8894 | F8: =SUM(Flow_Group_Month!Q8:U8) -> 1009 | G8: =E8-F8 -> 7885 | J8: Q4 | K8: =Flow_Group_Summary!G8 -> 10668.825 | L8: =Flow_Group_Summary!G16 -> 1907 | M8: =Flow_Group_Summary!G27 -> 13411 | N8: =Stock_Group!J21 -> 41298.68 | O8: =Stock_Group!E43 -> 6120 | P8: =Stock_Group!J59 -> 28842 | Q8: =Fuel_Crisis!G56 -> 3319.325 | R8: =Fuel_Crisis!D56 -> 7209.8 | S8: =Fuel_Crisis!G64 -> 473 | T8: =Fuel_Crisis!D64 -> 1415
A9: =Flow_Group_Month!A9 -> 45047 | B9: =SUM(Flow_Group_Month!B9:F9) -> 22569.653 | C9: =SUM(Flow_Group_Month!G9:K9) -> 1953.55 | D9: =B9-C9 -> 20616.103 | E9: =SUM(Flow_Group_Month!L9:P9) -> 10157 | F9: =SUM(Flow_Group_Month!Q9:U9) -> 822 | G9: =E9-F9 -> 9335 | J9: Q5 (highest) | K9: =Flow_Group_Summary!G9 -> 13189.275 | L9: =Flow_Group_Summary!G17 -> 10908 | M9: =Flow_Group_Summary!G28 -> 14861 | N9: =Stock_Group!K21 -> 47038 | O9: =Stock_Group!F43 -> 45082 | P9: =Stock_Group!K59 -> 35965 | Q9: =Fuel_Crisis!G57 -> 4214.375 | R9: =Fuel_Crisis!D57 -> 8641.925 | S9: =Fuel_Crisis!G65 -> 3227 | T9: =Fuel_Crisis!D65 -> 7820
A10: =Flow_Group_Month!A10 -> 45078 | B10: =SUM(Flow_Group_Month!B10:F10) -> 25547.589 | C10: =SUM(Flow_Group_Month!G10:K10) -> 1972.075 | D10: =B10-C10 -> 23575.514 | E10: =SUM(Flow_Group_Month!L10:P10) -> 11827 | F10: =SUM(Flow_Group_Month!Q10:U10) -> 1332 | G10: =E10-F10 -> 10495 | J10: All | K10: =SUM(K5:K9) -> 46673.2 | L10: =SUM(L5:L9) -> 27841 | M10: =SUM(M5:M9) -> 60724 | N10: =SUM(N5:N9) -> 161512.24 | O10: =SUM(O5:O9) -> 100829 | P10: =SUM(P5:P9) -> 135025 | Q10: =SUM(Q5:Q9) -> 13472 | R10: =SUM(R5:R9) -> 32120.35 | ... T10: =SUM(T5:T9) -> 20380
A11: =Flow_Group_Month!A11 -> 45108 | B11: =SUM(Flow_Group_Month!B11:F11) -> 23180.739 | C11: =SUM(Flow_Group_Month!G11:K11) -> 1869.625 | D11: =B11-C11 -> 21311.114 | E11: =SUM(Flow_Group_Month!L11:P11) -> 10232 | F11: =SUM(Flow_Group_Month!Q11:U11) -> 797 | G11: =E11-F11 -> 9435
A12: =Flow_Group_Month!A12 -> 45139 | B12: =SUM(Flow_Group_Month!B12:F12) -> 26827.429 | C12: =SUM(Flow_Group_Month!G12:K12) -> 1722.15 | D12: =B12-C12 -> 25105.279 | E12: =SUM(Flow_Group_Month!L12:P12) -> 11568 | F12: =SUM(Flow_Group_Month!Q12:U12) -> 1644 | G12: =E12-F12 -> 9924
A13: =Flow_Group_Month!A13 -> 45170 | B13: =SUM(Flow_Group_Month!B13:F13) -> 27571.68 | C13: =SUM(Flow_Group_Month!G13:K13) -> 2553.95 | D13: =B13-C13 -> 25017.73 | E13: =SUM(Flow_Group_Month!L13:P13) -> 11369 | F13: =SUM(Flow_Group_Month!Q13:U13) -> 1290 | G13: =E13-F13 -> 10079
A14: =Flow_Group_Month!A14 -> 45200 | B14: =SUM(Flow_Group_Month!B14:F14) -> 25419.639 | C14: =SUM(Flow_Group_Month!G14:K14) -> 1674.075 | D14: =B14-C14 -> 23745.564 | E14: =SUM(Flow_Group_Month!L14:P14) -> 10644 | F14: =SUM(Flow_Group_Month!Q14:U14) -> 848 | G14: =E14-F14 -> 9796
A15: =Flow_Group_Month!A15 -> 45231 | B15: =SUM(Flow_Group_Month!B15:F15) -> 25930.395 | C15: =SUM(Flow_Group_Month!G15:K15) -> 2385.9 | D15: =B15-C15 -> 23544.495 | E15: =SUM(Flow_Group_Month!L15:P15) -> 11566 | F15: =SUM(Flow_Group_Month!Q15:U15) -> 1641 | G15: =E15-F15 -> 9925
A16: =Flow_Group_Month!A16 -> 45261 | B16: =SUM(Flow_Group_Month!B16:F16) -> 18785.833 | C16: =SUM(Flow_Group_Month!G16:K16) -> 1554.225 | D16: =B16-C16 -> 17231.608 | E16: =SUM(Flow_Group_Month!L16:P16) -> 9399 | F16: =SUM(Flow_Group_Month!Q16:U16) -> 1020 | G16: =E16-F16 -> 8379
A17: =Flow_Group_Month!A17 -> 45292 | B17: =SUM(Flow_Group_Month!B17:F17) -> 21883.976 | C17: =SUM(Flow_Group_Month!G17:K17) -> 1461.15 | D17: =B17-C17 -> 20422.826 | E17: =SUM(Flow_Group_Month!L17:P17) -> 9834 | F17: =SUM(Flow_Group_Month!Q17:U17) -> 1018 | G17: =E17-F17 -> 8816
A18: =Flow_Group_Month!A18 -> 45323 | B18: =SUM(Flow_Group_Month!B18:F18) -> 2719.796 | C18: =SUM(Flow_Group_Month!G18:K18) -> 237.15 | D18: =B18-C18 -> 2482.646 | E18: =SUM(Flow_Group_Month!L18:P18) -> 10845 | F18: =SUM(Flow_Group_Month!Q18:U18) -> 1329 | G18: =E18-F18 -> 9516
A19: =Flow_Group_Month!A19 -> 45352 | B19: =SUM(Flow_Group_Month!B19:F19) -> 5524.269 | C19: =SUM(Flow_Group_Month!G19:K19) -> 508.725 | D19: =B19-C19 -> 5015.544 | E19: =SUM(Flow_Group_Month!L19:P19) -> 11215 | F19: =SUM(Flow_Group_Month!Q19:U19) -> 1511 | G19: =E19-F19 -> 9704
A20: =Flow_Group_Month!A20 -> 45383 | B20: =SUM(Flow_Group_Month!B20:F20) -> 18226.04 | C20: =SUM(Flow_Group_Month!G20:K20) -> 1215.075 | D20: =B20-C20 -> 17010.965 | E20: =SUM(Flow_Group_Month!L20:P20) -> 10246 | F20: =SUM(Flow_Group_Month!Q20:U20) -> 995 | G20: =E20-F20 -> 9251
A21: =Flow_Group_Month!A21 -> 45413 | B21: =SUM(Flow_Group_Month!B21:F21) -> 16782.838 | C21: =SUM(Flow_Group_Month!G21:K21) -> 1297.95 | D21: =B21-C21 -> 15484.888 | E21: =SUM(Flow_Group_Month!L21:P21) -> 11201 | F21: =SUM(Flow_Group_Month!Q21:U21) -> 1572 | G21: =E21-F21 -> 9629
A22: =Flow_Group_Month!A22 -> 45444 | B22: =SUM(Flow_Group_Month!B22:F22) -> 26347.606 | C22: =SUM(Flow_Group_Month!G22:K22) -> 2226.85 | D22: =B22-C22 -> 24120.756 | E22: =SUM(Flow_Group_Month!L22:P22) -> 11976 | F22: =SUM(Flow_Group_Month!Q22:U22) -> 1425 | G22: =E22-F22 -> 10551
... A48: =Flow_Group_Month!A48 -> 46235 | B48: =SUM(Flow_Group_Month!B48:F48) -> 21977.986 | C48: =SUM(Flow_Group_Month!G48:K48) -> 5688.4 | D48: =B48-C48 -> 16289.586 | E48: =SUM(Flow_Group_Month!L48:P48) -> 11707 | F48: =SUM(Flow_Group_Month!Q48:U48) -> 3830 | G48: =E48-F48 -> 7877

Sheet Top10
A1: Top and bottom 10 areas
A2: Suburb-level EV data is not published by any state: VIC is by postcode (named by its ABS suburbs), NSW and QLD by LGA. Only areas above the size thresholds on Inputs are ranked. Live formulas.
A4: NSW LGAs — highest BEV share of new private cars (recent window) | J4: NSW LGAs — lowest BEV share of new private cars (recent window)
A5: # | B5: LGA | C5: Median income ($) | D5: Income group | E5: New regos | F5: BEV share | J5: # | K5: LGA | L5: Median income ($) | M5: Income group | N5: New regos | O5: BEV share
A6: 1 | B6: =IFERROR(INDEX(LGA_Summary!$C:$C,MATCH(LARGE(Rank_Keys!$B:$B,1),Rank_Keys!$B:$B,0)),"") -> Lane Cove | C6: =IFERROR(INDEX(LGA_Summary!$D:$D,MATCH(LARGE(Rank_Keys!$B:$B,1),Rank_Keys!$B:$B,0)),"") -> 85425 | D6: =IFERROR(INDEX(LGA_Summary!$F:$F,MATCH(LARGE(Rank_Keys!$B:$B,1),Rank_Keys!$B:$B,0)),"") -> 5 | E6: =IFERROR(INDEX(LGA_Summary!$G:$G,MATCH(LARGE(Rank_Keys!$B:$B,1),Rank_Keys!$B:$B,0)),"") -> 1709.928 | F6: =IFERROR(INDEX(LGA_Summary!$J:$J,MATCH(LARGE(Rank_Keys!$B:$B,1),Rank_Keys!$B:$B,0)),"") -> 0.32882963 | J6: 1 | K6: =IFERROR(INDEX(LGA_Summary!$C:$C,MATCH(SMALL(Rank_Keys!$C:$C,1),Rank_Keys!$C:$C,0)),"") -> Broken Hill | L6: =IFERROR(INDEX(LGA_Summary!$D:$D,MATCH(SMALL(Rank_Keys!$C:$C,1),Rank_Keys!$C:$C,0)),"") -> 58284 | M6: =IFERROR(INDEX(LGA_Summary!$F:$F,MATCH(SMALL(Rank_Keys!$C:$C,1),Rank_Keys!$C:$C,0)),"") -> 3 | N6: =IFERROR(INDEX(LGA_Summary!$G:$G,MATCH(SMALL(Rank_Keys!$C:$C,1),Rank_Keys!$C:$C,0)),"") -> 439.654 | O6: =IFERROR(INDEX(LGA_Summary!$J:$J,MATCH(SMALL(Rank_Keys!$C:$C,1),Rank_Keys!$C:$C,0)),"") -> 0.014500039
A7: 2 | B7: =IFERROR(INDEX(LGA_Summary!$C:$C,MATCH(LARGE(Rank_Keys!$B:$B,2),Rank_Keys!$B:$B,0)),"") -> Ku-ring-gai | C7: =IFERROR(INDEX(LGA_Summary!$D:$D,MATCH(LARGE(Rank_Keys!$B:$B,2),Rank_Keys!$B:$B,0)),"") -> 69492 | D7: =IFERROR(INDEX(LGA_Summary!$F:$F,MATCH(LARGE(Rank_Keys!$B:$B,2),Rank_Keys!$B:$B,0)),"") -> 5 | E7: =IFERROR(INDEX(LGA_Summary!$G:$G,MATCH(LARGE(Rank_Keys!$B:$B,2),Rank_Keys!$B:$B,0)),"") -> 4912.031 | F7: =IFERROR(INDEX(LGA_Summary!$J:$J,MATCH(LARGE(Rank_Keys!$B:$B,2),Rank_Keys!$B:$B,0)),"") -> 0.31987278 | J7: 2 | K7: =IFERROR(INDEX(LGA_Summary!$C:$C,MATCH(SMALL(Rank_Keys!$C:$C,2),Rank_Keys!$C:$C,0)),"") -> Gwydir | L7: =IFERROR(INDEX(LGA_Summary!$D:$D,MATCH(SMALL(Rank_Keys!$C:$C,2),Rank_Keys!$C:$C,0)),"") -> 43354 | M7: =IFERROR(INDEX(LGA_Summary!$F:$F,MATCH(SMALL(Rank_Keys!$C:$C,2),Rank_Keys!$C:$C,0)),"") -> 1 | N7: =IFERROR(INDEX(LGA_Summary!$G:$G,MATCH(SMALL(Rank_Keys!$C:$C,2),Rank_Keys!$C:$C,0)),"") -> 397.46 | O7: =IFERROR(INDEX(LGA_Summary!$J:$J,MATCH(SMALL(Rank_Keys!$C:$C,2),Rank_Keys!$C:$C,0)),"") -> 0.01603935
A8: 3 | B8: =IFERROR(INDEX(LGA_Summary!$C:$C,MATCH(LARGE(Rank_Keys!$B:$B,3),Rank_Keys!$B:$B,0)),"") -> Willoughby | C8: =IFERROR(INDEX(LGA_Summary!$D:$D,MATCH(LARGE(Rank_Keys!$B:$B,3),Rank_Keys!$B:$B,0)),"") -> 70612 | D8: =IFERROR(INDEX(LGA_Summary!$F:$F,MATCH(LARGE(Rank_Keys!$B:$B,3),Rank_Keys!$B:$B,0)),"") -> 5 | E8: =IFERROR(INDEX(LGA_Summary!$G:$G,MATCH(LARGE(Rank_Keys!$B:$B,3),Rank_Keys!$B:$B,0)),"") -> 3401.751 | F8: =IFERROR(INDEX(LGA_Summary!$J:$J,MATCH(LARGE(Rank_Keys!$B:$B,3),Rank_Keys!$B:$B,0)),"") -> 0.3114646 | J8: 3 | K8: =IFERROR(INDEX(LGA_Summary!$C:$C,MATCH(SMALL(Rank_Keys!$C:$C,3),Rank_Keys!$C:$C,0)),"") -> Moree Plains | L8: =IFERROR(INDEX(LGA_Summary!$D:$D,MATCH(SMALL(Rank_Keys!$C:$C,3),Rank_Keys!$C:$C,0)),"") -> 56977 | M8: =IFERROR(INDEX(LGA_Summary!$F:$F,MATCH(SMALL(Rank_Keys!$C:$C,3),Rank_Keys!$C:$C,0)),"") -> 2 | N8: =IFERROR(INDEX(LGA_Summary!$G:$G,MATCH(SMALL(Rank_Keys!$C:$C,3),Rank_Keys!$C:$C,0)),"") -> 315.486 | O8: =IFERROR(INDEX(LGA_Summary!$J:$J,MATCH(SMALL(Rank_Keys!$C:$C,3),Rank_Keys!$C:$C,0)),"") -> 0.016165535
A9: 4 | B9: =IFERROR(INDEX(LGA_Summary!$C:$C,MATCH(LARGE(Rank_Keys!$B:$B,4),Rank_Keys!$B:$B,0)),"") -> Inner West | C9: =IFERROR(INDEX(LGA_Summary!$D:$D,MATCH(LARGE(Rank_Keys!$B:$B,4),Rank_Keys!$B:$B,0)),"") -> 75949 | D9: =IFERROR(INDEX(LGA_Summary!$F:$F,MATCH(LARGE(Rank_Keys!$B:$B,4),Rank_Keys!$B:$B,0)),"") -> 5 | E9: =IFERROR(INDEX(LGA_Summary!$G:$G,MATCH(LARGE(Rank_Keys!$B:$B,4),Rank_Keys!$B:$B,0)),"") -> 5378.29 | F9: =IFERROR(INDEX(LGA_Summary!$J:$J,MATCH(LARGE(Rank_Keys!$B:$B,4),Rank_Keys!$B:$B,0)),"") -> 0.28874419 | J9: 4 | K9: =IFERROR(INDEX(LGA_Summary!$C:$C,MATCH(SMALL(Rank_Keys!$C:$C,4),Rank_Keys!$C:$C,0)),"") -> Murray River | L9: =IFERROR(INDEX(LGA_Summary!$D:$D,MATCH(SMALL(Rank_Keys!$C:$C,4),Rank_Keys!$C:$C,0)),"") -> 48583 | M9: =IFERROR(INDEX(LGA_Summary!$F:$F,MATCH(SMALL(Rank_Keys!$C:$C,4),Rank_Keys!$C:$C,0)),"") -> 1 | N9: =IFERROR(INDEX(LGA_Summary!$G:$G,MATCH(SMALL(Rank_Keys!$C:$C,4),Rank_Keys!$C:$C,0)),"") -> 484.5 | O9: =IFERROR(INDEX(LGA_Summary!$J:$J,MATCH(SMALL(Rank_Keys!$C:$C,4),Rank_Keys!$C:$C,0)),"") -> 0.018421053
A10: 5 | B10: =IFERROR(INDEX(LGA_Summary!$C:$C,MATCH(LARGE(Rank_Keys!$B:$B,5),Rank_Keys!$B:$B,0)),"") -> North Sydney | C10: =IFERROR(INDEX(LGA_Summary!$D:$D,MATCH(LARGE(Rank_Keys!$B:$B,5),Rank_Keys!$B:$B,0)),"") -> 88760 | D10: =IFERROR(INDEX(LGA_Summary!$F:$F,MATCH(LARGE(Rank_Keys!$B:$B,5),Rank_Keys!$B:$B,0)),"") -> 5 | E10: =IFERROR(INDEX(LGA_Summary!$G:$G,MATCH(LARGE(Rank_Keys!$B:$B,5),Rank_Keys!$B:$B,0)),"") -> 2663.356 | F10: =IFERROR(INDEX(LGA_Summary!$J:$J,MATCH(LARGE(Rank_Keys!$B:$B,5),Rank_Keys!$B:$B,0)),"") -> 0.27669977 | J10: 5 | K10: =IFERROR(INDEX(LGA_Summary!$C:$C,MATCH(SMALL(Rank_Keys!$C:$C,5),Rank_Keys!$C:$C,0)),"") -> Parkes | L10: =IFERROR(INDEX(LGA_Summary!$D:$D,MATCH(SMALL(Rank_Keys!$C:$C,5),Rank_Keys!$C:$C,0)),"") -> 53640 | M10: =IFERROR(INDEX(LGA_Summary!$F:$F,MATCH(SMALL(Rank_Keys!$C:$C,5),Rank_Keys!$C:$C,0)),"") -> 2 | N10: =IFERROR(INDEX(LGA_Summary!$G:$G,MATCH(SMALL(Rank_Keys!$C:$C,5),Rank_Keys!$C:$C,0)),"") -> 483.361 | O10: =IFERROR(INDEX(LGA_Summary!$J:$J,MATCH(SMALL(Rank_Keys!$C:$C,5),Rank_Keys!$C:$C,0)),"") -> 0.01846446
A11: 6 | B11: =IFERROR(INDEX(LGA_Summary!$C:$C,MATCH(LARGE(Rank_Keys!$B:$B,6),Rank_Keys!$B:$B,0)),"") -> Ryde | C11: =IFERROR(INDEX(LGA_Summary!$D:$D,MATCH(LARGE(Rank_Keys!$B:$B,6),Rank_Keys!$B:$B,0)),"") -> 64077 | D11: =IFERROR(INDEX(LGA_Summary!$F:$F,MATCH(LARGE(Rank_Keys!$B:$B,6),Rank_Keys!$B:$B,0)),"") -> 4 | E11: =IFERROR(INDEX(LGA_Summary!$G:$G,MATCH(LARGE(Rank_Keys!$B:$B,6),Rank_Keys!$B:$B,0)),"") -> 4303.523 | F11: =IFERROR(INDEX(LGA_Summary!$J:$J,MATCH(LARGE(Rank_Keys!$B:$B,6),Rank_Keys!$B:$B,0)),"") -> 0.27446118 | J11: 6 | K11: =IFERROR(INDEX(LGA_Summary!$C:$C,MATCH(SMALL(Rank_Keys!$C:$C,6),Rank_Keys!$C:$C,0)),"") -> Narrabri | L11: =IFERROR(INDEX(LGA_Summary!$D:$D,MATCH(SMALL(Rank_Keys!$C:$C,6),Rank_Keys!$C:$C,0)),"") -> 55939 | M11: =IFERROR(INDEX(LGA_Summary!$F:$F,MATCH(SMALL(Rank_Keys!$C:$C,6),Rank_Keys!$C:$C,0)),"") -> 2 | N11: =IFERROR(INDEX(LGA_Summary!$G:$G,MATCH(SMALL(Rank_Keys!$C:$C,6),Rank_Keys!$C:$C,0)),"") -> 402.56 | O11: =IFERROR(INDEX(LGA_Summary!$J:$J,MATCH(SMALL(Rank_Keys!$C:$C,6),Rank_Keys!$C:$C,0)),"") -> 0.019003378
A12: 7 | B12: =IFERROR(INDEX(LGA_Summary!$C:$C,MATCH(LARGE(Rank_Keys!$B:$B,7),Rank_Keys!$B:$B,0)),"") -> Hunters Hill | C12: =IFERROR(INDEX(LGA_Summary!$D:$D,MATCH(LARGE(Rank_Keys!$B:$B,7),Rank_Keys!$B:$B,0)),"") -> 80855 | D12: =IFERROR(INDEX(LGA_Summary!$F:$F,MATCH(LARGE(Rank_Keys!$B:$B,7),Rank_Keys!$B:$B,0)),"") -> 5 | E12: =IFERROR(INDEX(LGA_Summary!$G:$G,MATCH(LARGE(Rank_Keys!$B:$B,7),Rank_Keys!$B:$B,0)),"") -> 893.894 | F12: =IFERROR(INDEX(LGA_Summary!$J:$J,MATCH(LARGE(Rank_Keys!$B:$B,7),Rank_Keys!$B:$B,0)),"") -> 0.27243163 | J12: 7 | K12: =IFERROR(INDEX(LGA_Summary!$C:$C,MATCH(SMALL(Rank_Keys!$C:$C,7),Rank_Keys!$C:$C,0)),"") -> Forbes | L12: =IFERROR(INDEX(LGA_Summary!$D:$D,MATCH(SMALL(Rank_Keys!$C:$C,7),Rank_Keys!$C:$C,0)),"") -> 51698 | M12: =IFERROR(INDEX(LGA_Summary!$F:$F,MATCH(SMALL(Rank_Keys!$C:$C,7),Rank_Keys!$C:$C,0)),"") -> 2 | N12: =IFERROR(INDEX(LGA_Summary!$G:$G,MATCH(SMALL(Rank_Keys!$C:$C,7),Rank_Keys!$C:$C,0)),"") -> 356.575 | O12: =IFERROR(INDEX(LGA_Summary!$J:$J,MATCH(SMALL(Rank_Keys!$C:$C,7),Rank_Keys!$C:$C,0)),"") -> 0.021454112
A13: 8 | B13: =IFERROR(INDEX(LGA_Summary!$C:$C,MATCH(LARGE(Rank_Keys!$B:$B,8),Rank_Keys!$B:$B,0)),"") -> Mosman | C13: =IFERROR(INDEX(LGA_Summary!$D:$D,MATCH(LARGE(Rank_Keys!$B:$B,8),Rank_Keys!$B:$B,0)),"") -> 83702 | D13: =IFERROR(INDEX(LGA_Summary!$F:$F,MATCH(LARGE(Rank_Keys!$B:$B,8),Rank_Keys!$B:$B,0)),"") -> 5 | E13: =IFERROR(INDEX(LGA_Summary!$G:$G,MATCH(LARGE(Rank_Keys!$B:$B,8),Rank_Keys!$B:$B,0)),"") -> 1176.332 | F13: =IFERROR(INDEX(LGA_Summary!$J:$J,MATCH(LARGE(Rank_Keys!$B:$B,8),Rank_Keys!$B:$B,0)),"") -> 0.2622984 | J13: 8 | K13: =IFERROR(INDEX(LGA_Summary!$C:$C,MATCH(SMALL(Rank_Keys!$C:$C,8),Rank_Keys!$C:$C,0)),"") -> Inverell | L13: =IFERROR(INDEX(LGA_Summary!$D:$D,MATCH(SMALL(Rank_Keys!$C:$C,8),Rank_Keys!$C:$C,0)),"") -> 47430 | M13: =IFERROR(INDEX(LGA_Summary!$F:$F,MATCH(SMALL(Rank_Keys!$C:$C,8),Rank_Keys!$C:$C,0)),"") -> 1 | N13: =IFERROR(INDEX(LGA_Summary!$G:$G,MATCH(SMALL(Rank_Keys!$C:$C,8),Rank_Keys!$C:$C,0)),"") -> 454.716 | O13: =IFERROR(INDEX(LGA_Summary!$J:$J,MATCH(SMALL(Rank_Keys!$C:$C,8),Rank_Keys!$C:$C,0)),"") -> 0.022431584
A14: 9 | B14: =IFERROR(INDEX(LGA_Summary!$C:$C,MATCH(LARGE(Rank_Keys!$B:$B,9),Rank_Keys!$B:$B,0)),"") -> Sydney | C14: =IFERROR(INDEX(LGA_Summary!$D:$D,MATCH(LARGE(Rank_Keys!$B:$B,9),Rank_Keys!$B:$B,0)),"") -> 65191 | D14: =IFERROR(INDEX(LGA_Summary!$F:$F,MATCH(LARGE(Rank_Keys!$B:$B,9),Rank_Keys!$B:$B,0)),"") -> 4 | E14: =IFERROR(INDEX(LGA_Summary!$G:$G,MATCH(LARGE(Rank_Keys!$B:$B,9),Rank_Keys!$B:$B,0)),"") -> 4947.778 | F14: =IFERROR(INDEX(LGA_Summary!$J:$J,MATCH(LARGE(Rank_Keys!$B:$B,9),Rank_Keys!$B:$B,0)),"") -> 0.26168312 | J14: 9 | K14: =IFERROR(INDEX(LGA_Summary!$C:$C,MATCH(SMALL(Rank_Keys!$C:$C,9),Rank_Keys!$C:$C,0)),"") -> Weddin | L14: =IFERROR(INDEX(LGA_Summary!$D:$D,MATCH(SMALL(Rank_Keys!$C:$C,9),Rank_Keys!$C:$C,0)),"") -> 41840 | M14: =IFERROR(INDEX(LGA_Summary!$F:$F,MATCH(SMALL(Rank_Keys!$C:$C,9),Rank_Keys!$C:$C,0)),"") -> 1 | N14: =IFERROR(INDEX(LGA_Summary!$G:$G,MATCH(SMALL(Rank_Keys!$C:$C,9),Rank_Keys!$C:$C,0)),"") -> 393.805 | O14: =IFERROR(INDEX(LGA_Summary!$J:$J,MATCH(SMALL(Rank_Keys!$C:$C,9),Rank_Keys!$C:$C,0)),"") -> 0.022663501
A15: 10 | B15: =IFERROR(INDEX(LGA_Summary!$C:$C,MATCH(LARGE(Rank_Keys!$B:$B,10),Rank_Keys!$B:$B,0)),"") -> Waverley | C15: =IFERROR(INDEX(LGA_Summary!$D:$D,MATCH(LARGE(Rank_Keys!$B:$B,10),Rank_Keys!$B:$B,0)),"") -> 75746 | D15: =IFERROR(INDEX(LGA_Summary!$F:$F,MATCH(LARGE(Rank_Keys!$B:$B,10),Rank_Keys!$B:$B,0)),"") -> 5 | E15: =IFERROR(INDEX(LGA_Summary!$G:$G,MATCH(LARGE(Rank_Keys!$B:$B,10),Rank_Keys!$B:$B,0)),"") -> 2650.402 | F15: =IFERROR(INDEX(LGA_Summary!$J:$J,MATCH(LARGE(Rank_Keys!$B:$B,10),Rank_Keys!$B:$B,0)),"") -> 0.26121509 | J15: 10 | K15: =IFERROR(INDEX(LGA_Summary!$C:$C,MATCH(SMALL(Rank_Keys!$C:$C,10),Rank_Keys!$C:$C,0)),"") -> Leeton | L15: =IFERROR(INDEX(LGA_Summary!$D:$D,MATCH(SMALL(Rank_Keys!$C:$C,10),Rank_Keys!$C:$C,0)),"") -> 53020 | M15: =IFERROR(INDEX(LGA_Summary!$F:$F,MATCH(SMALL(Rank_Keys!$C:$C,10),Rank_Keys!$C:$C,0)),"") -> 2 | N15: =IFERROR(INDEX(LGA_Summary!$G:$G,MATCH(SMALL(Rank_Keys!$C:$C,10),Rank_Keys!$C:$C,0)),"") -> 454.818 | O15: =IFERROR(INDEX(LGA_Summary!$J:$J,MATCH(SMALL(Rank_Keys!$C:$C,10),Rank_Keys!$C:$C,0)),"") -> 0.025229872
A18: NSW LGAs — most new BEVs registered (recent window, count) | J18: NSW LGAs — largest BEV fleet (count)
A19: # | B19: LGA | C19: Median income ($) | D19: Income group | E19: New regos | F19: New BEVs | J19: # | K19: LGA | L19: Median income ($) | M19: Income group | N19: Per 1,000 vehicles | O19: BEV fleet
A20: 1 | B20: =IFERROR(INDEX(LGA_Summary!$C:$C,MATCH(LARGE(Rank_Keys!$D:$D,1),Rank_Keys!$D:$D,0)),"") -> Blacktown | C20: =IFERROR(INDEX(LGA_Summary!$D:$D,MATCH(LARGE(Rank_Keys!$D:$D,1),Rank_Keys!$D:$D,0)),"") -> 62478 | D20: =IFERROR(INDEX(LGA_Summary!$F:$F,MATCH(LARGE(Rank_Keys!$D:$D,1),Rank_Keys!$D:$D,0)),"") -> 4 | E20: =IFERROR(INDEX(LGA_Summary!$G:$G,MATCH(LARGE(Rank_Keys!$D:$D,1),Rank_Keys!$D:$D,0)),"") -> 12026.948 | F20: =IFERROR(INDEX(LGA_Summary!$H:$H,MATCH(LARGE(Rank_Keys!$D:$D,1),Rank_Keys!$D:$D,0)),"") -> 2265.6 | J20: 1 | K20: =IFERROR(INDEX(LGA_Summary!$C:$C,MATCH(LARGE(Rank_Keys!$E:$E,1),Rank_Keys!$E:$E,0)),"") -> Sydney | L20: =IFERROR(INDEX(LGA_Summary!$D:$D,MATCH(LARGE(Rank_Keys!$E:$E,1),Rank_Keys!$E:$E,0)),"") -> 65191 | M20: =IFERROR(INDEX(LGA_Summary!$F:$F,MATCH(LARGE(Rank_Keys!$E:$E,1),Rank_Keys!$E:$E,0)),"") -> 4 | N20: =IFERROR(INDEX(LGA_Summary!$Q:$Q,MATCH(LARGE(Rank_Keys!$E:$E,1),Rank_Keys!$E:$E,0)),"") -> 80.333261 | O20: =IFERROR(INDEX(LGA_Summary!$O:$O,MATCH(LARGE(Rank_Keys!$E:$E,1),Rank_Keys!$E:$E,0)),"") -> 9173.52
A21: 2 | B21: =IFERROR(INDEX(LGA_Summary!$C:$C,MATCH(LARGE(Rank_Keys!$D:$D,2),Rank_Keys!$D:$D,0)),"") -> The Hills Shire | C21: =IFERROR(INDEX(LGA_Summary!$D:$D,MATCH(LARGE(Rank_Keys!$D:$D,2),Rank_Keys!$D:$D,0)),"") -> 70634 | D21: =IFERROR(INDEX(LGA_Summary!$F:$F,MATCH(LARGE(Rank_Keys!$D:$D,2),Rank_Keys!$D:$D,0)),"") -> 5 | E21: =IFERROR(INDEX(LGA_Summary!$G:$G,MATCH(LARGE(Rank_Keys!$D:$D,2),Rank_Keys!$D:$D,0)),"") -> 9299.165 | F21: =IFERROR(INDEX(LGA_Summary!$H:$H,MATCH(LARGE(Rank_Keys!$D:$D,2),Rank_Keys!$D:$D,0)),"") -> 2110.8 | J21: 2 | K21: =IFERROR(INDEX(LGA_Summary!$C:$C,MATCH(LARGE(Rank_Keys!$E:$E,2),Rank_Keys!$E:$E,0)),"") -> The Hills Shire | L21: =IFERROR(INDEX(LGA_Summary!$D:$D,MATCH(LARGE(Rank_Keys!$E:$E,2),Rank_Keys!$E:$E,0)),"") -> 70634 | M21: =IFERROR(INDEX(LGA_Summary!$F:$F,MATCH(LARGE(Rank_Keys!$E:$E,2),Rank_Keys!$E:$E,0)),"") -> 5 | N21: =IFERROR(INDEX(LGA_Summary!$Q:$Q,MATCH(LARGE(Rank_Keys!$E:$E,2),Rank_Keys!$E:$E,0)),"") -> 58.472805 | O21: =IFERROR(INDEX(LGA_Summary!$O:$O,MATCH(LARGE(Rank_Keys!$E:$E,2),Rank_Keys!$E:$E,0)),"") -> 8744.88
A22: 3 | B22: =IFERROR(INDEX(LGA_Summary!$C:$C,MATCH(LARGE(Rank_Keys!$D:$D,3),Rank_Keys!$D:$D,0)),"") -> Parramatta | C22: =IFERROR(INDEX(LGA_Summary!$D:$D,MATCH(LARGE(Rank_Keys!$D:$D,3),Rank_Keys!$D:$D,0)),"") -> 61730 | D22: =IFERROR(INDEX(LGA_Summary!$F:$F,MATCH(LARGE(Rank_Keys!$D:$D,3),Rank_Keys!$D:$D,0)),"") -> 3 | E22: =IFERROR(INDEX(LGA_Summary!$G:$G,MATCH(LARGE(Rank_Keys!$D:$D,3),Rank_Keys!$D:$D,0)),"") -> 9961.317 | F22: =IFERROR(INDEX(LGA_Summary!$H:$H,MATCH(LARGE(Rank_Keys!$D:$D,3),Rank_Keys!$D:$D,0)),"") -> 1932.15 | J22: 3 | K22: =IFERROR(INDEX(LGA_Summary!$C:$C,MATCH(LARGE(Rank_Keys!$E:$E,3),Rank_Keys!$E:$E,0)),"") -> Blacktown | L22: =IFERROR(INDEX(LGA_Summary!$D:$D,MATCH(LARGE(Rank_Keys!$E:$E,3),Rank_Keys!$E:$E,0)),"") -> 62478 | M22: =IFERROR(INDEX(LGA_Summary!$F:$F,MATCH(LARGE(Rank_Keys!$E:$E,3),Rank_Keys!$E:$E,0)),"") -> 4 | N22: =IFERROR(INDEX(LGA_Summary!$Q:$Q,MATCH(LARGE(Rank_Keys!$E:$E,3),Rank_Keys!$E:$E,0)),"") -> 31.420735 | O22: =IFERROR(INDEX(LGA_Summary!$O:$O,MATCH(LARGE(Rank_Keys!$E:$E,3),Rank_Keys!$E:$E,0)),"") -> 8076.28
A23: 4 | B23: =IFERROR(INDEX(LGA_Summary!$C:$C,MATCH(LARGE(Rank_Keys!$D:$D,4),Rank_Keys!$D:$D,0)),"") -> Northern Beaches | C23: =IFERROR(INDEX(LGA_Summary!$D:$D,MATCH(LARGE(Rank_Keys!$D:$D,4),Rank_Keys!$D:$D,0)),"") -> 67899 | D23: =IFERROR(INDEX(LGA_Summary!$F:$F,MATCH(LARGE(Rank_Keys!$D:$D,4),Rank_Keys!$D:$D,0)),"") -> 4 | E23: =IFERROR(INDEX(LGA_Summary!$G:$G,MATCH(LARGE(Rank_Keys!$D:$D,4),Rank_Keys!$D:$D,0)),"") -> 8360.411 | F23: =IFERROR(INDEX(LGA_Summary!$H:$H,MATCH(LARGE(Rank_Keys!$D:$D,4),Rank_Keys!$D:$D,0)),"") -> 1855.225 | J23: 4 | K23: =IFERROR(INDEX(LGA_Summary!$C:$C,MATCH(LARGE(Rank_Keys!$E:$E,4),Rank_Keys!$E:$E,0)),"") -> Northern Beaches | L23: =IFERROR(INDEX(LGA_Summary!$D:$D,MATCH(LARGE(Rank_Keys!$E:$E,4),Rank_Keys!$E:$E,0)),"") -> 67899 | M23: =IFERROR(INDEX(LGA_Summary!$F:$F,MATCH(LARGE(Rank_Keys!$E:$E,4),Rank_Keys!$E:$E,0)),"") -> 4 | N23: =IFERROR(INDEX(LGA_Summary!$Q:$Q,MATCH(LARGE(Rank_Keys!$E:$E,4),Rank_Keys!$E:$E,0)),"") -> 42.835221 | O23: =IFERROR(INDEX(LGA_Summary!$O:$O,MATCH(LARGE(Rank_Keys!$E:$E,4),Rank_Keys!$E:$E,0)),"") -> 7438.04
A24: 5 | B24: =IFERROR(INDEX(LGA_Summary!$C:$C,MATCH(LARGE(Rank_Keys!$D:$D,5),Rank_Keys!$D:$D,0)),"") -> Hornsby | C24: =IFERROR(INDEX(LGA_Summary!$D:$D,MATCH(LARGE(Rank_Keys!$D:$D,5),Rank_Keys!$D:$D,0)),"") -> 66555 | D24: =IFERROR(INDEX(LGA_Summary!$F:$F,MATCH(LARGE(Rank_Keys!$D:$D,5),Rank_Keys!$D:$D,0)),"") -> 4 | E24: =IFERROR(INDEX(LGA_Summary!$G:$G,MATCH(LARGE(Rank_Keys!$D:$D,5),Rank_Keys!$D:$D,0)),"") -> 7343.99 | F24: =IFERROR(INDEX(LGA_Summary!$H:$H,MATCH(LARGE(Rank_Keys!$D:$D,5),Rank_Keys!$D:$D,0)),"") -> 1819.925 | J24: 5 | K24: =IFERROR(INDEX(LGA_Summary!$C:$C,MATCH(LARGE(Rank_Keys!$E:$E,5),Rank_Keys!$E:$E,0)),"") -> Parramatta | L24: =IFERROR(INDEX(LGA_Summary!$D:$D,MATCH(LARGE(Rank_Keys!$E:$E,5),Rank_Keys!$E:$E,0)),"") -> 61730 | M24: =IFERROR(INDEX(LGA_Summary!$F:$F,MATCH(LARGE(Rank_Keys!$E:$E,5),Rank_Keys!$E:$E,0)),"") -> 3 | N24: =IFERROR(INDEX(LGA_Summary!$Q:$Q,MATCH(LARGE(Rank_Keys!$E:$E,5),Rank_Keys!$E:$E,0)),"") -> 39.230329 | O24: =IFERROR(INDEX(LGA_Summary!$O:$O,MATCH(LARGE(Rank_Keys!$E:$E,5),Rank_Keys!$E:$E,0)),"") -> 6576.32
A25: 6 | B25: =IFERROR(INDEX(LGA_Summary!$C:$C,MATCH(LARGE(Rank_Keys!$D:$D,6),Rank_Keys!$D:$D,0)),"") -> Central Coast | C25: =IFERROR(INDEX(LGA_Summary!$D:$D,MATCH(LARGE(Rank_Keys!$D:$D,6),Rank_Keys!$D:$D,0)),"") -> 55035 | D25: =IFERROR(INDEX(LGA_Summary!$F:$F,MATCH(LARGE(Rank_Keys!$D:$D,6),Rank_Keys!$D:$D,0)),"") -> 2 | E25: =IFERROR(INDEX(LGA_Summary!$G:$G,MATCH(LARGE(Rank_Keys!$D:$D,6),Rank_Keys!$D:$D,0)),"") -> 10787.014 | F25: =IFERROR(INDEX(LGA_Summary!$H:$H,MATCH(LARGE(Rank_Keys!$D:$D,6),Rank_Keys!$D:$D,0)),"") -> 1623.25 | J25: 6 | K25: =IFERROR(INDEX(LGA_Summary!$C:$C,MATCH(LARGE(Rank_Keys!$E:$E,6),Rank_Keys!$E:$E,0)),"") -> Ku-ring-gai | L25: =IFERROR(INDEX(LGA_Summary!$D:$D,MATCH(LARGE(Rank_Keys!$E:$E,6),Rank_Keys!$E:$E,0)),"") -> 69492 | M25: =IFERROR(INDEX(LGA_Summary!$F:$F,MATCH(LARGE(Rank_Keys!$E:$E,6),Rank_Keys!$E:$E,0)),"") -> 5 | N25: =IFERROR(INDEX(LGA_Summary!$Q:$Q,MATCH(LARGE(Rank_Keys!$E:$E,6),Rank_Keys!$E:$E,0)),"") -> 75.835345 | O25: =IFERROR(INDEX(LGA_Summary!$O:$O,MATCH(LARGE(Rank_Keys!$E:$E,6),Rank_Keys!$E:$E,0)),"") -> 6105.56
A26: 7 | B26: =IFERROR(INDEX(LGA_Summary!$C:$C,MATCH(LARGE(Rank_Keys!$D:$D,7),Rank_Keys!$D:$D,0)),"") -> Ku-ring-gai | C26: =IFERROR(INDEX(LGA_Summary!$D:$D,MATCH(LARGE(Rank_Keys!$D:$D,7),Rank_Keys!$D:$D,0)),"") -> 69492 | D26: =IFERROR(INDEX(LGA_Summary!$F:$F,MATCH(LARGE(Rank_Keys!$D:$D,7),Rank_Keys!$D:$D,0)),"") -> 5 | E26: =IFERROR(INDEX(LGA_Summary!$G:$G,MATCH(LARGE(Rank_Keys!$D:$D,7),Rank_Keys!$D:$D,0)),"") -> 4912.031 | F26: =IFERROR(INDEX(LGA_Summary!$H:$H,MATCH(LARGE(Rank_Keys!$D:$D,7),Rank_Keys!$D:$D,0)),"") -> 1571.225 | J26: 7 | K26: =IFERROR(INDEX(LGA_Summary!$C:$C,MATCH(LARGE(Rank_Keys!$E:$E,7),Rank_Keys!$E:$E,0)),"") -> Central Coast | L26: =IFERROR(INDEX(LGA_Summary!$D:$D,MATCH(LARGE(Rank_Keys!$E:$E,7),Rank_Keys!$E:$E,0)),"") -> 55035 | M26: =IFERROR(INDEX(LGA_Summary!$F:$F,MATCH(LARGE(Rank_Keys!$E:$E,7),Rank_Keys!$E:$E,0)),"") -> 2 | N26: =IFERROR(INDEX(LGA_Summary!$Q:$Q,MATCH(LARGE(Rank_Keys!$E:$E,7),Rank_Keys!$E:$E,0)),"") -> 21.515275 | O26: =IFERROR(INDEX(LGA_Summary!$O:$O,MATCH(LARGE(Rank_Keys!$E:$E,7),Rank_Keys!$E:$E,0)),"") -> 5353.16
A27: 8 | B27: =IFERROR(INDEX(LGA_Summary!$C:$C,MATCH(LARGE(Rank_Keys!$D:$D,8),Rank_Keys!$D:$D,0)),"") -> Inner West | C27: =IFERROR(INDEX(LGA_Summary!$D:$D,MATCH(LARGE(Rank_Keys!$D:$D,8),Rank_Keys!$D:$D,0)),"") -> 75949 | D27: =IFERROR(INDEX(LGA_Summary!$F:$F,MATCH(LARGE(Rank_Keys!$D:$D,8),Rank_Keys!$D:$D,0)),"") -> 5 | E27: =IFERROR(INDEX(LGA_Summary!$G:$G,MATCH(LARGE(Rank_Keys!$D:$D,8),Rank_Keys!$D:$D,0)),"") -> 5378.29 | F27: =IFERROR(INDEX(LGA_Summary!$H:$H,MATCH(LARGE(Rank_Keys!$D:$D,8),Rank_Keys!$D:$D,0)),"") -> 1552.95 | J27: 8 | K27: =IFERROR(INDEX(LGA_Summary!$C:$C,MATCH(LARGE(Rank_Keys!$E:$E,8),Rank_Keys!$E:$E,0)),"") -> Hornsby | L27: =IFERROR(INDEX(LGA_Summary!$D:$D,MATCH(LARGE(Rank_Keys!$E:$E,8),Rank_Keys!$E:$E,0)),"") -> 66555 | M27: =IFERROR(INDEX(LGA_Summary!$F:$F,MATCH(LARGE(Rank_Keys!$E:$E,8),Rank_Keys!$E:$E,0)),"") -> 4 | N27: =IFERROR(INDEX(LGA_Summary!$Q:$Q,MATCH(LARGE(Rank_Keys!$E:$E,8),Rank_Keys!$E:$E,0)),"") -> 49.441925 | O27: =IFERROR(INDEX(LGA_Summary!$O:$O,MATCH(LARGE(Rank_Keys!$E:$E,8),Rank_Keys!$E:$E,0)),"") -> 5151.76
A28: 9 | B28: =IFERROR(INDEX(LGA_Summary!$C:$C,MATCH(LARGE(Rank_Keys!$D:$D,9),Rank_Keys!$D:$D,0)),"") -> Sutherland Shire | C28: =IFERROR(INDEX(LGA_Summary!$D:$D,MATCH(LARGE(Rank_Keys!$D:$D,9),Rank_Keys!$D:$D,0)),"") -> 69239 | D28: =IFERROR(INDEX(LGA_Summary!$F:$F,MATCH(LARGE(Rank_Keys!$D:$D,9),Rank_Keys!$D:$D,0)),"") -> 5 | E28: =IFERROR(INDEX(LGA_Summary!$G:$G,MATCH(LARGE(Rank_Keys!$D:$D,9),Rank_Keys!$D:$D,0)),"") -> 7838.054 | F28: =IFERROR(INDEX(LGA_Summary!$H:$H,MATCH(LARGE(Rank_Keys!$D:$D,9),Rank_Keys!$D:$D,0)),"") -> 1371.475 | J28: 9 | K28: =IFERROR(INDEX(LGA_Summary!$C:$C,MATCH(LARGE(Rank_Keys!$E:$E,9),Rank_Keys!$E:$E,0)),"") -> Sutherland Shire | L28: =IFERROR(INDEX(LGA_Summary!$D:$D,MATCH(LARGE(Rank_Keys!$E:$E,9),Rank_Keys!$E:$E,0)),"") -> 69239 | M28: =IFERROR(INDEX(LGA_Summary!$F:$F,MATCH(LARGE(Rank_Keys!$E:$E,9),Rank_Keys!$E:$E,0)),"") -> 5 | N28: =IFERROR(INDEX(LGA_Summary!$Q:$Q,MATCH(LARGE(Rank_Keys!$E:$E,9),Rank_Keys!$E:$E,0)),"") -> 29.669883 | O28: =IFERROR(INDEX(LGA_Summary!$O:$O,MATCH(LARGE(Rank_Keys!$E:$E,9),Rank_Keys!$E:$E,0)),"") -> 4838.56
A29: 10 | B29: =IFERROR(INDEX(LGA_Summary!$C:$C,MATCH(LARGE(Rank_Keys!$D:$D,10),Rank_Keys!$D:$D,0)),"") -> Wollongong | C29: =IFERROR(INDEX(LGA_Summary!$D:$D,MATCH(LARGE(Rank_Keys!$D:$D,10),Rank_Keys!$D:$D,0)),"") -> 58764 | D29: =IFERROR(INDEX(LGA_Summary!$F:$F,MATCH(LARGE(Rank_Keys!$D:$D,10),Rank_Keys!$D:$D,0)),"") -> 3 | E29: =IFERROR(INDEX(LGA_Summary!$G:$G,MATCH(LARGE(Rank_Keys!$D:$D,10),Rank_Keys!$D:$D,0)),"") -> 6540.812 | F29: =IFERROR(INDEX(LGA_Summary!$H:$H,MATCH(LARGE(Rank_Keys!$D:$D,10),Rank_Keys!$D:$D,0)),"") -> 1311.85 | J29: 10 | K29: =IFERROR(INDEX(LGA_Summary!$C:$C,MATCH(LARGE(Rank_Keys!$E:$E,10),Rank_Keys!$E:$E,0)),"") -> Inner West | L29: =IFERROR(INDEX(LGA_Summary!$D:$D,MATCH(LARGE(Rank_Keys!$E:$E,10),Rank_Keys!$E:$E,0)),"") -> 75949 | M29: =IFERROR(INDEX(LGA_Summary!$F:$F,MATCH(LARGE(Rank_Keys!$E:$E,10),Rank_Keys!$E:$E,0)),"") -> 5 | N29: =IFERROR(INDEX(LGA_Summary!$Q:$Q,MATCH(LARGE(Rank_Keys!$E:$E,10),Rank_Keys!$E:$E,0)),"") -> 48.258851 | O29: =IFERROR(INDEX(LGA_Summary!$O:$O,MATCH(LARGE(Rank_Keys!$E:$E,10),Rank_Keys!$E:$E,0)),"") -> 4707.8
A32: NSW LGAs — biggest rise in BEV share during the fuel crisis | J32: QLD LGAs — highest BEV share of new private cars (recent window)
A33: # | B33: LGA | C33: Median income ($) | D33: Income group | E33: Year earlier | F33: Crisis | G33: Change (pp) | J33: # | K33: LGA | L33: Median income ($) | M33: Income group | N33: New regos | O33: BEV share
A34: 1 | B34: =IFERROR(INDEX(LGA_Summary!$C:$C,MATCH(LARGE(Rank_Keys!$F:$F,1),Rank_Keys!$F:$F,0)),"") -> Bellingen | C34: =IFERROR(INDEX(LGA_Summary!$D:$D,MATCH(LARGE(Rank_Keys!$F:$F,1),Rank_Keys!$F:$F,0)),"") -> 42240 | D34: =IFERROR(INDEX(LGA_Summary!$F:$F,MATCH(LARGE(Rank_Keys!$F:$F,1),Rank_Keys!$F:$F,0)),"") -> 1 | E34: =IFERROR(INDEX(LGA_Summary!$U:$U,MATCH(LARGE(Rank_Keys!$F:$F,1),Rank_Keys!$F:$F,0)),"") -> 0.056598434 | F34: =IFERROR(INDEX(LGA_Summary!$T:$T,MATCH(LARGE(Rank_Keys!$F:$F,1),Rank_Keys!$F:$F,0)),"") -> 0.30421359 | G34: =IFERROR(INDEX(LGA_Summary!$V:$V,MATCH(LARGE(Rank_Keys!$F:$F,1),Rank_Keys!$F:$F,0)),"") -> 24.761515 | J34: 1 | K34: =IFERROR(INDEX(LGA_Summary!$C:$C,MATCH(LARGE(Rank_Keys!$G:$G,1),Rank_Keys!$G:$G,0)),"") -> Brisbane | L34: =IFERROR(INDEX(LGA_Summary!$D:$D,MATCH(LARGE(Rank_Keys!$G:$G,1),Rank_Keys!$G:$G,0)),"") -> 63317 | M34: =IFERROR(INDEX(LGA_Summary!$F:$F,MATCH(LARGE(Rank_Keys!$G:$G,1),Rank_Keys!$G:$G,0)),"") -> 5 | N34: =IFERROR(INDEX(LGA_Summary!$G:$G,MATCH(LARGE(Rank_Keys!$G:$G,1),Rank_Keys!$G:$G,0)),"") -> 34175 | O34: =IFERROR(INDEX(LGA_Summary!$J:$J,MATCH(LARGE(Rank_Keys!$G:$G,1),Rank_Keys!$G:$G,0)),"") -> 0.31098756
A35: 2 | B35: =IFERROR(INDEX(LGA_Summary!$C:$C,MATCH(LARGE(Rank_Keys!$F:$F,2),Rank_Keys!$F:$F,0)),"") -> Kiama | C35: =IFERROR(INDEX(LGA_Summary!$D:$D,MATCH(LARGE(Rank_Keys!$F:$F,2),Rank_Keys!$F:$F,0)),"") -> 53652 | D35: =IFERROR(INDEX(LGA_Summary!$F:$F,MATCH(LARGE(Rank_Keys!$F:$F,2),Rank_Keys!$F:$F,0)),"") -> 2 | E35: =IFERROR(INDEX(LGA_Summary!$U:$U,MATCH(LARGE(Rank_Keys!$F:$F,2),Rank_Keys!$F:$F,0)),"") -> 0.11979236 | F35: =IFERROR(INDEX(LGA_Summary!$T:$T,MATCH(LARGE(Rank_Keys!$F:$F,2),Rank_Keys!$F:$F,0)),"") -> 0.34099013 | G35: =IFERROR(INDEX(LGA_Summary!$V:$V,MATCH(LARGE(Rank_Keys!$F:$F,2),Rank_Keys!$F:$F,0)),"") -> 22.119777 | J35: 2 | K35: =IFERROR(INDEX(LGA_Summary!$C:$C,MATCH(LARGE(Rank_Keys!$G:$G,2),Rank_Keys!$G:$G,0)),"") -> Ipswich | L35: =IFERROR(INDEX(LGA_Summary!$D:$D,MATCH(LARGE(Rank_Keys!$G:$G,2),Rank_Keys!$G:$G,0)),"") -> 59405 | M35: =IFERROR(INDEX(LGA_Summary!$F:$F,MATCH(LARGE(Rank_Keys!$G:$G,2),Rank_Keys!$G:$G,0)),"") -> 3 | N35: =IFERROR(INDEX(LGA_Summary!$G:$G,MATCH(LARGE(Rank_Keys!$G:$G,2),Rank_Keys!$G:$G,0)),"") -> 6467 | O35: =IFERROR(INDEX(LGA_Summary!$J:$J,MATCH(LARGE(Rank_Keys!$G:$G,2),Rank_Keys!$G:$G,0)),"") -> 0.23271996
A36: 3 | B36: =IFERROR(INDEX(LGA_Summary!$C:$C,MATCH(LARGE(Rank_Keys!$F:$F,3),Rank_Keys!$F:$F,0)),"") -> Lane Cove | C36: =IFERROR(INDEX(LGA_Summary!$D:$D,MATCH(LARGE(Rank_Keys!$F:$F,3),Rank_Keys!$F:$F,0)),"") -> 85425 | D36: =IFERROR(INDEX(LGA_Summary!$F:$F,MATCH(LARGE(Rank_Keys!$F:$F,3),Rank_Keys!$F:$F,0)),"") -> 5 | E36: =IFERROR(INDEX(LGA_Summary!$U:$U,MATCH(LARGE(Rank_Keys!$F:$F,3),Rank_Keys!$F:$F,0)),"") -> 0.19798416 | F36: =IFERROR(INDEX(LGA_Summary!$T:$T,MATCH(LARGE(Rank_Keys!$F:$F,3),Rank_Keys!$F:$F,0)),"") -> 0.41608086 | G36: =IFERROR(INDEX(LGA_Summary!$V:$V,MATCH(LARGE(Rank_Keys!$F:$F,3),Rank_Keys!$F:$F,0)),"") -> 21.80967 | J36: 3 | K36: =IFERROR(INDEX(LGA_Summary!$C:$C,MATCH(LARGE(Rank_Keys!$G:$G,3),Rank_Keys!$G:$G,0)),"") -> Noosa | L36: =IFERROR(INDEX(LGA_Summary!$D:$D,MATCH(LARGE(Rank_Keys!$G:$G,3),Rank_Keys!$G:$G,0)),"") -> 45385 | M36: =IFERROR(INDEX(LGA_Summary!$F:$F,MATCH(LARGE(Rank_Keys!$G:$G,3),Rank_Keys!$G:$G,0)),"") -> 1 | N36: =IFERROR(INDEX(LGA_Summary!$G:$G,MATCH(LARGE(Rank_Keys!$G:$G,3),Rank_Keys!$G:$G,0)),"") -> 1514 | O36: =IFERROR(INDEX(LGA_Summary!$J:$J,MATCH(LARGE(Rank_Keys!$G:$G,3),Rank_Keys!$G:$G,0)),"") -> 0.23051519
A37: 4 | B37: =IFERROR(INDEX(LGA_Summary!$C:$C,MATCH(LARGE(Rank_Keys!$F:$F,4),Rank_Keys!$F:$F,0)),"") -> Ku-ring-gai | C37: =IFERROR(INDEX(LGA_Summary!$D:$D,MATCH(LARGE(Rank_Keys!$F:$F,4),Rank_Keys!$F:$F,0)),"") -> 69492 | D37: =IFERROR(INDEX(LGA_Summary!$F:$F,MATCH(LARGE(Rank_Keys!$F:$F,4),Rank_Keys!$F:$F,0)),"") -> 5 | E37: =IFERROR(INDEX(LGA_Summary!$U:$U,MATCH(LARGE(Rank_Keys!$F:$F,4),Rank_Keys!$F:$F,0)),"") -> 0.20526647 | F37: =IFERROR(INDEX(LGA_Summary!$T:$T,MATCH(LARGE(Rank_Keys!$F:$F,4),Rank_Keys!$F:$F,0)),"") -> 0.40458145 | G37: =IFERROR(INDEX(LGA_Summary!$V:$V,MATCH(LARGE(Rank_Keys!$F:$F,4),Rank_Keys!$F:$F,0)),"") -> 19.931497 | J37: 4 | K37: =IFERROR(INDEX(LGA_Summary!$C:$C,MATCH(LARGE(Rank_Keys!$G:$G,4),Rank_Keys!$G:$G,0)),"") -> Sunshine Coast | L37: =IFERROR(INDEX(LGA_Summary!$D:$D,MATCH(LARGE(Rank_Keys!$G:$G,4),Rank_Keys!$G:$G,0)),"") -> 52638 | M37: =IFERROR(INDEX(LGA_Summary!$F:$F,MATCH(LARGE(Rank_Keys!$G:$G,4),Rank_Keys!$G:$G,0)),"") -> 1 | N37: =IFERROR(INDEX(LGA_Summary!$G:$G,MATCH(LARGE(Rank_Keys!$G:$G,4),Rank_Keys!$G:$G,0)),"") -> 9334 | O37: =IFERROR(INDEX(LGA_Summary!$J:$J,MATCH(LARGE(Rank_Keys!$G:$G,4),Rank_Keys!$G:$G,0)),"") -> 0.22316263
A38: 5 | B38: =IFERROR(INDEX(LGA_Summary!$C:$C,MATCH(LARGE(Rank_Keys!$F:$F,5),Rank_Keys!$F:$F,0)),"") -> Yass Valley | C38: =IFERROR(INDEX(LGA_Summary!$D:$D,MATCH(LARGE(Rank_Keys!$F:$F,5),Rank_Keys!$F:$F,0)),"") -> 67361 | D38: =IFERROR(INDEX(LGA_Summary!$F:$F,MATCH(LARGE(Rank_Keys!$F:$F,5),Rank_Keys!$F:$F,0)),"") -> 4 | E38: =IFERROR(INDEX(LGA_Summary!$U:$U,MATCH(LARGE(Rank_Keys!$F:$F,5),Rank_Keys!$F:$F,0)),"") -> 0.12744716 | F38: =IFERROR(INDEX(LGA_Summary!$T:$T,MATCH(LARGE(Rank_Keys!$F:$F,5),Rank_Keys!$F:$F,0)),"") -> 0.32369097 | G38: =IFERROR(INDEX(LGA_Summary!$V:$V,MATCH(LARGE(Rank_Keys!$F:$F,5),Rank_Keys!$F:$F,0)),"") -> 19.624381 | J38: 5 | K38: =IFERROR(INDEX(LGA_Summary!$C:$C,MATCH(LARGE(Rank_Keys!$G:$G,5),Rank_Keys!$G:$G,0)),"") -> Moreton Bay | L38: =IFERROR(INDEX(LGA_Summary!$D:$D,MATCH(LARGE(Rank_Keys!$G:$G,5),Rank_Keys!$G:$G,0)),"") -> 57332 | M38: =IFERROR(INDEX(LGA_Summary!$F:$F,MATCH(LARGE(Rank_Keys!$G:$G,5),Rank_Keys!$G:$G,0)),"") -> 3 | N38: =IFERROR(INDEX(LGA_Summary!$G:$G,MATCH(LARGE(Rank_Keys!$G:$G,5),Rank_Keys!$G:$G,0)),"") -> 13424 | O38: =IFERROR(INDEX(LGA_Summary!$J:$J,MATCH(LARGE(Rank_Keys!$G:$G,5),Rank_Keys!$G:$G,0)),"") -> 0.22087306
A39: 6 | B39: =IFERROR(INDEX(LGA_Summary!$C:$C,MATCH(LARGE(Rank_Keys!$F:$F,6),Rank_Keys!$F:$F,0)),"") -> Hunters Hill | C39: =IFERROR(INDEX(LGA_Summary!$D:$D,MATCH(LARGE(Rank_Keys!$F:$F,6),Rank_Keys!$F:$F,0)),"") -> 80855 | D39: =IFERROR(INDEX(LGA_Summary!$F:$F,MATCH(LARGE(Rank_Keys!$F:$F,6),Rank_Keys!$F:$F,0)),"") -> 5 | E39: =IFERROR(INDEX(LGA_Summary!$U:$U,MATCH(LARGE(Rank_Keys!$F:$F,6),Rank_Keys!$F:$F,0)),"") -> 0.16379183 | F39: =IFERROR(INDEX(LGA_Summary!$T:$T,MATCH(LARGE(Rank_Keys!$F:$F,6),Rank_Keys!$F:$F,0)),"") -> 0.3504295 | G39: =IFERROR(INDEX(LGA_Summary!$V:$V,MATCH(LARGE(Rank_Keys!$F:$F,6),Rank_Keys!$F:$F,0)),"") -> 18.663767 | J39: 6 | K39: =IFERROR(INDEX(LGA_Summary!$C:$C,MATCH(LARGE(Rank_Keys!$G:$G,6),Rank_Keys!$G:$G,0)),"") -> Redland | L39: =IFERROR(INDEX(LGA_Summary!$D:$D,MATCH(LARGE(Rank_Keys!$G:$G,6),Rank_Keys!$G:$G,0)),"") -> 59533 | M39: =IFERROR(INDEX(LGA_Summary!$F:$F,MATCH(LARGE(Rank_Keys!$G:$G,6),Rank_Keys!$G:$G,0)),"") -> 4 | N39: =IFERROR(INDEX(LGA_Summary!$G:$G,MATCH(LARGE(Rank_Keys!$G:$G,6),Rank_Keys!$G:$G,0)),"") -> 4373 | O39: =IFERROR(INDEX(LGA_Summary!$J:$J,MATCH(LARGE(Rank_Keys!$G:$G,6),Rank_Keys!$G:$G,0)),"") -> 0.21701349
A40: 7 | B40: =IFERROR(INDEX(LGA_Summary!$C:$C,MATCH(LARGE(Rank_Keys!$F:$F,7),Rank_Keys!$F:$F,0)),"") -> Byron | C40: =IFERROR(INDEX(LGA_Summary!$D:$D,MATCH(LARGE(Rank_Keys!$F:$F,7),Rank_Keys!$F:$F,0)),"") -> 39703 | D40: =IFERROR(INDEX(LGA_Summary!$F:$F,MATCH(LARGE(Rank_Keys!$F:$F,7),Rank_Keys!$F:$F,0)),"") -> 1 | E40: =IFERROR(INDEX(LGA_Summary!$U:$U,MATCH(LARGE(Rank_Keys!$F:$F,7),Rank_Keys!$F:$F,0)),"") -> 0.11715178 | F40: =IFERROR(INDEX(LGA_Summary!$T:$T,MATCH(LARGE(Rank_Keys!$F:$F,7),Rank_Keys!$F:$F,0)),"") -> 0.30121442 | G40: =IFERROR(INDEX(LGA_Summary!$V:$V,MATCH(LARGE(Rank_Keys!$F:$F,7),Rank_Keys!$F:$F,0)),"") -> 18.406264 | J40: 7 | K40: =IFERROR(INDEX(LGA_Summary!$C:$C,MATCH(LARGE(Rank_Keys!$G:$G,7),Rank_Keys!$G:$G,0)),"") -> Gold Coast | L40: =IFERROR(INDEX(LGA_Summary!$D:$D,MATCH(LARGE(Rank_Keys!$G:$G,7),Rank_Keys!$G:$G,0)),"") -> 53824 | M40: =IFERROR(INDEX(LGA_Summary!$F:$F,MATCH(LARGE(Rank_Keys!$G:$G,7),Rank_Keys!$G:$G,0)),"") -> 2 | N40: =IFERROR(INDEX(LGA_Summary!$G:$G,MATCH(LARGE(Rank_Keys!$G:$G,7),Rank_Keys!$G:$G,0)),"") -> 17131 | O40: =IFERROR(INDEX(LGA_Summary!$J:$J,MATCH(LARGE(Rank_Keys!$G:$G,7),Rank_Keys!$G:$G,0)),"") -> 0.21574923
A41: 8 | B41: =IFERROR(INDEX(LGA_Summary!$C:$C,MATCH(LARGE(Rank_Keys!$F:$F,8),Rank_Keys!$F:$F,0)),"") -> Eurobodalla | C41: =IFERROR(INDEX(LGA_Summary!$D:$D,MATCH(LARGE(Rank_Keys!$F:$F,8),Rank_Keys!$F:$F,0)),"") -> 43471 | D41: =IFERROR(INDEX(LGA_Summary!$F:$F,MATCH(LARGE(Rank_Keys!$F:$F,8),Rank_Keys!$F:$F,0)),"") -> 1 | E41: =IFERROR(INDEX(LGA_Summary!$U:$U,MATCH(LARGE(Rank_Keys!$F:$F,8),Rank_Keys!$F:$F,0)),"") -> 0.053657664 | F41: =IFERROR(INDEX(LGA_Summary!$T:$T,MATCH(LARGE(Rank_Keys!$F:$F,8),Rank_Keys!$F:$F,0)),"") -> 0.23764579 | G41: =IFERROR(INDEX(LGA_Summary!$V:$V,MATCH(LARGE(Rank_Keys!$F:$F,8),Rank_Keys!$F:$F,0)),"") -> 18.398813 | J41: 8 | K41: =IFERROR(INDEX(LGA_Summary!$C:$C,MATCH(LARGE(Rank_Keys!$G:$G,8),Rank_Keys!$G:$G,0)),"") -> Logan | L41: =IFERROR(INDEX(LGA_Summary!$D:$D,MATCH(LARGE(Rank_Keys!$G:$G,8),Rank_Keys!$G:$G,0)),"") -> 55522 | M41: =IFERROR(INDEX(LGA_Summary!$F:$F,MATCH(LARGE(Rank_Keys!$G:$G,8),Rank_Keys!$G:$G,0)),"") -> 2 | N41: =IFERROR(INDEX(LGA_Summary!$G:$G,MATCH(LARGE(Rank_Keys!$G:$G,8),Rank_Keys!$G:$G,0)),"") -> 8820 | O41: =IFERROR(INDEX(LGA_Summary!$J:$J,MATCH(LARGE(Rank_Keys!$G:$G,8),Rank_Keys!$G:$G,0)),"") -> 0.19795918
A42: 9 | B42: =IFERROR(INDEX(LGA_Summary!$C:$C,MATCH(LARGE(Rank_Keys!$F:$F,9),Rank_Keys!$F:$F,0)),"") -> Ballina | C42: =IFERROR(INDEX(LGA_Summary!$D:$D,MATCH(LARGE(Rank_Keys!$F:$F,9),Rank_Keys!$F:$F,0)),"") -> 49458 | D42: =IFERROR(INDEX(LGA_Summary!$F:$F,MATCH(LARGE(Rank_Keys!$F:$F,9),Rank_Keys!$F:$F,0)),"") -> 1 | E42: =IFERROR(INDEX(LGA_Summary!$U:$U,MATCH(LARGE(Rank_Keys!$F:$F,9),Rank_Keys!$F:$F,0)),"") -> 0.076207465 | F42: =IFERROR(INDEX(LGA_Summary!$T:$T,MATCH(LARGE(Rank_Keys!$F:$F,9),Rank_Keys!$F:$F,0)),"") -> 0.25911474 | G42: =IFERROR(INDEX(LGA_Summary!$V:$V,MATCH(LARGE(Rank_Keys!$F:$F,9),Rank_Keys!$F:$F,0)),"") -> 18.290728 | J42: 9 | K42: =IFERROR(INDEX(LGA_Summary!$C:$C,MATCH(LARGE(Rank_Keys!$G:$G,9),Rank_Keys!$G:$G,0)),"") -> Scenic Rim | L42: =IFERROR(INDEX(LGA_Summary!$D:$D,MATCH(LARGE(Rank_Keys!$G:$G,9),Rank_Keys!$G:$G,0)),"") -> 48993 | M42: =IFERROR(INDEX(LGA_Summary!$F:$F,MATCH(LARGE(Rank_Keys!$G:$G,9),Rank_Keys!$G:$G,0)),"") -> 1 | N42: =IFERROR(INDEX(LGA_Summary!$G:$G,MATCH(LARGE(Rank_Keys!$G:$G,9),Rank_Keys!$G:$G,0)),"") -> 1011 | O42: =IFERROR(INDEX(LGA_Summary!$J:$J,MATCH(LARGE(Rank_Keys!$G:$G,9),Rank_Keys!$G:$G,0)),"") -> 0.18199802
A43: 10 | B43: =IFERROR(INDEX(LGA_Summary!$C:$C,MATCH(LARGE(Rank_Keys!$F:$F,10),Rank_Keys!$F:$F,0)),"") -> Queanbeyan-Palerang Regional | C43: =IFERROR(INDEX(LGA_Summary!$D:$D,MATCH(LARGE(Rank_Keys!$F:$F,10),Rank_Keys!$F:$F,0)),"") -> 74963 | D43: =IFERROR(INDEX(LGA_Summary!$F:$F,MATCH(LARGE(Rank_Keys!$F:$F,10),Rank_Keys!$F:$F,0)),"") -> 5 | E43: =IFERROR(INDEX(LGA_Summary!$U:$U,MATCH(LARGE(Rank_Keys!$F:$F,10),Rank_Keys!$F:$F,0)),"") -> 0.14453922 | F43: =IFERROR(INDEX(LGA_Summary!$T:$T,MATCH(LARGE(Rank_Keys!$F:$F,10),Rank_Keys!$F:$F,0)),"") -> 0.32554792 | G43: =IFERROR(INDEX(LGA_Summary!$V:$V,MATCH(LARGE(Rank_Keys!$F:$F,10),Rank_Keys!$F:$F,0)),"") -> 18.100871 | J43: 10 | K43: =IFERROR(INDEX(LGA_Summary!$C:$C,MATCH(LARGE(Rank_Keys!$G:$G,10),Rank_Keys!$G:$G,0)),"") -> Cairns | L43: =IFERROR(INDEX(LGA_Summary!$D:$D,MATCH(LARGE(Rank_Keys!$G:$G,10),Rank_Keys!$G:$G,0)),"") -> 55547 | M43: =IFERROR(INDEX(LGA_Summary!$F:$F,MATCH(LARGE(Rank_Keys!$G:$G,10),Rank_Keys!$G:$G,0)),"") -> 3 | N43: =IFERROR(INDEX(LGA_Summary!$G:$G,MATCH(LARGE(Rank_Keys!$G:$G,10),Rank_Keys!$G:$G,0)),"") -> 3556 | O43: =IFERROR(INDEX(LGA_Summary!$J:$J,MATCH(LARGE(Rank_Keys!$G:$G,10),Rank_Keys!$G:$G,0)),"") -> 0.1704162
A46: QLD LGAs — most new BEVs registered (recent window, count) | J46: VIC suburbs (postcodes) — most BEVs per 1,000 vehicles
A47: # | B47: LGA | C47: Median income ($) | D47: Income group | E47: New regos | F47: New BEVs | J47: # | K47: Postcode | L47: Suburbs | M47: Median taxable income ($) | N47: Income group | O47: BEVs | P47: Per 1,000
A48: 1 | B48: =IFERROR(INDEX(LGA_Summary!$C:$C,MATCH(LARGE(Rank_Keys!$H:$H,1),Rank_Keys!$H:$H,0)),"") -> Brisbane | C48: =IFERROR(INDEX(LGA_Summary!$D:$D,MATCH(LARGE(Rank_Keys!$H:$H,1),Rank_Keys!$H:$H,0)),"") -> 63317 | D48: =IFERROR(INDEX(LGA_Summary!$F:$F,MATCH(LARGE(Rank_Keys!$H:$H,1),Rank_Keys!$H:$H,0)),"") -> 5 | E48: =IFERROR(INDEX(LGA_Summary!$G:$G,MATCH(LARGE(Rank_Keys!$H:$H,1),Rank_Keys!$H:$H,0)),"") -> 34175 | F48: =IFERROR(INDEX(LGA_Summary!$H:$H,MATCH(LARGE(Rank_Keys!$H:$H,1),Rank_Keys!$H:$H,0)),"") -> 10628 | J48: 1 | K48: =IFERROR(INDEX(VIC_Postcode!$A:$A,MATCH(LARGE(Rank_Keys!$I:$I,1),Rank_Keys!$I:$I,0)),"") -> 3000 | L48: =IFERROR(INDEX(VIC_Postcode!$O:$O,MATCH(LARGE(Rank_Keys!$I:$I,1),Rank_Keys!$I:$I,0)),"") -> Melbourne CBD | M48: =IFERROR(INDEX(VIC_Postcode!$B:$B,MATCH(LARGE(Rank_Keys!$I:$I,1),Rank_Keys!$I:$I,0)),"") -> 34511 | N48: =IFERROR(INDEX(VIC_Postcode!$D:$D,MATCH(LARGE(Rank_Keys!$I:$I,1),Rank_Keys!$I:$I,0)),"") -> 1 | O48: =IFERROR(INDEX(VIC_Postcode!$F:$F,MATCH(LARGE(Rank_Keys!$I:$I,1),Rank_Keys!$I:$I,0)),"") -> 2217 | P48: =IFERROR(INDEX(VIC_Postcode!$G:$G,MATCH(LARGE(Rank_Keys!$I:$I,1),Rank_Keys!$I:$I,0)),"") -> 94.820581
A49: 2 | B49: =IFERROR(INDEX(LGA_Summary!$C:$C,MATCH(LARGE(Rank_Keys!$H:$H,2),Rank_Keys!$H:$H,0)),"") -> Gold Coast | C49: =IFERROR(INDEX(LGA_Summary!$D:$D,MATCH(LARGE(Rank_Keys!$H:$H,2),Rank_Keys!$H:$H,0)),"") -> 53824 | D49: =IFERROR(INDEX(LGA_Summary!$F:$F,MATCH(LARGE(Rank_Keys!$H:$H,2),Rank_Keys!$H:$H,0)),"") -> 2 | E49: =IFERROR(INDEX(LGA_Summary!$G:$G,MATCH(LARGE(Rank_Keys!$H:$H,2),Rank_Keys!$H:$H,0)),"") -> 17131 | F49: =IFERROR(INDEX(LGA_Summary!$H:$H,MATCH(LARGE(Rank_Keys!$H:$H,2),Rank_Keys!$H:$H,0)),"") -> 3696 | J49: 2 | K49: =IFERROR(INDEX(VIC_Postcode!$A:$A,MATCH(LARGE(Rank_Keys!$I:$I,2),Rank_Keys!$I:$I,0)),"") -> 3104 | L49: =IFERROR(INDEX(VIC_Postcode!$O:$O,MATCH(LARGE(Rank_Keys!$I:$I,2),Rank_Keys!$I:$I,0)),"") -> Balwyn North | M49: =IFERROR(INDEX(VIC_Postcode!$B:$B,MATCH(LARGE(Rank_Keys!$I:$I,2),Rank_Keys!$I:$I,0)),"") -> 57008 | N49: =IFERROR(INDEX(VIC_Postcode!$D:$D,MATCH(LARGE(Rank_Keys!$I:$I,2),Rank_Keys!$I:$I,0)),"") -> 3 | O49: =IFERROR(INDEX(VIC_Postcode!$F:$F,MATCH(LARGE(Rank_Keys!$I:$I,2),Rank_Keys!$I:$I,0)),"") -> 951 | P49: =IFERROR(INDEX(VIC_Postcode!$G:$G,MATCH(LARGE(Rank_Keys!$I:$I,2),Rank_Keys!$I:$I,0)),"") -> 63.319795
A50: 3 | B50: =IFERROR(INDEX(LGA_Summary!$C:$C,MATCH(LARGE(Rank_Keys!$H:$H,3),Rank_Keys!$H:$H,0)),"") -> Moreton Bay | C50: =IFERROR(INDEX(LGA_Summary!$D:$D,MATCH(LARGE(Rank_Keys!$H:$H,3),Rank_Keys!$H:$H,0)),"") -> 57332 | D50: =IFERROR(INDEX(LGA_Summary!$F:$F,MATCH(LARGE(Rank_Keys!$H:$H,3),Rank_Keys!$H:$H,0)),"") -> 3 | E50: =IFERROR(INDEX(LGA_Summary!$G:$G,MATCH(LARGE(Rank_Keys!$H:$H,3),Rank_Keys!$H:$H,0)),"") -> 13424 | F50: =IFERROR(INDEX(LGA_Summary!$H:$H,MATCH(LARGE(Rank_Keys!$H:$H,3),Rank_Keys!$H:$H,0)),"") -> 2965 | J50: 3 | K50: =IFERROR(INDEX(VIC_Postcode!$A:$A,MATCH(LARGE(Rank_Keys!$I:$I,3),Rank_Keys!$I:$I,0)),"") -> 3026 | L50: =IFERROR(INDEX(VIC_Postcode!$O:$O,MATCH(LARGE(Rank_Keys!$I:$I,3),Rank_Keys!$I:$I,0)),"") -> Derrimut, Laverton North | M50: =IFERROR(INDEX(VIC_Postcode!$B:$B,MATCH(LARGE(Rank_Keys!$I:$I,3),Rank_Keys!$I:$I,0)),"") -> 54711 | N50: =IFERROR(INDEX(VIC_Postcode!$D:$D,MATCH(LARGE(Rank_Keys!$I:$I,3),Rank_Keys!$I:$I,0)),"") -> 2 | O50: =IFERROR(INDEX(VIC_Postcode!$F:$F,MATCH(LARGE(Rank_Keys!$I:$I,3),Rank_Keys!$I:$I,0)),"") -> 1062 | P50: =IFERROR(INDEX(VIC_Postcode!$G:$G,MATCH(LARGE(Rank_Keys!$I:$I,3),Rank_Keys!$I:$I,0)),"") -> 63.312269
A51: 4 | B51: =IFERROR(INDEX(LGA_Summary!$C:$C,MATCH(LARGE(Rank_Keys!$H:$H,4),Rank_Keys!$H:$H,0)),"") -> Sunshine Coast | C51: =IFERROR(INDEX(LGA_Summary!$D:$D,MATCH(LARGE(Rank_Keys!$H:$H,4),Rank_Keys!$H:$H,0)),"") -> 52638 | D51: =IFERROR(INDEX(LGA_Summary!$F:$F,MATCH(LARGE(Rank_Keys!$H:$H,4),Rank_Keys!$H:$H,0)),"") -> 1 | E51: =IFERROR(INDEX(LGA_Summary!$G:$G,MATCH(LARGE(Rank_Keys!$H:$H,4),Rank_Keys!$H:$H,0)),"") -> 9334 | F51: =IFERROR(INDEX(LGA_Summary!$H:$H,MATCH(LARGE(Rank_Keys!$H:$H,4),Rank_Keys!$H:$H,0)),"") -> 2083 | J51: 4 | K51: =IFERROR(INDEX(VIC_Postcode!$A:$A,MATCH(LARGE(Rank_Keys!$I:$I,4),Rank_Keys!$I:$I,0)),"") -> 3124 | L51: =IFERROR(INDEX(VIC_Postcode!$O:$O,MATCH(LARGE(Rank_Keys!$I:$I,4),Rank_Keys!$I:$I,0)),"") -> Camberwell | M51: =IFERROR(INDEX(VIC_Postcode!$B:$B,MATCH(LARGE(Rank_Keys!$I:$I,4),Rank_Keys!$I:$I,0)),"") -> 66868 | N51: =IFERROR(INDEX(VIC_Postcode!$D:$D,MATCH(LARGE(Rank_Keys!$I:$I,4),Rank_Keys!$I:$I,0)),"") -> 5 | O51: =IFERROR(INDEX(VIC_Postcode!$F:$F,MATCH(LARGE(Rank_Keys!$I:$I,4),Rank_Keys!$I:$I,0)),"") -> 1005 | P51: =IFERROR(INDEX(VIC_Postcode!$G:$G,MATCH(LARGE(Rank_Keys!$I:$I,4),Rank_Keys!$I:$I,0)),"") -> 62.820353
A52: 5 | B52: =IFERROR(INDEX(LGA_Summary!$C:$C,MATCH(LARGE(Rank_Keys!$H:$H,5),Rank_Keys!$H:$H,0)),"") -> Logan | C52: =IFERROR(INDEX(LGA_Summary!$D:$D,MATCH(LARGE(Rank_Keys!$H:$H,5),Rank_Keys!$H:$H,0)),"") -> 55522 | D52: =IFERROR(INDEX(LGA_Summary!$F:$F,MATCH(LARGE(Rank_Keys!$H:$H,5),Rank_Keys!$H:$H,0)),"") -> 2 | E52: =IFERROR(INDEX(LGA_Summary!$G:$G,MATCH(LARGE(Rank_Keys!$H:$H,5),Rank_Keys!$H:$H,0)),"") -> 8820 | F52: =IFERROR(INDEX(LGA_Summary!$H:$H,MATCH(LARGE(Rank_Keys!$H:$H,5),Rank_Keys!$H:$H,0)),"") -> 1746 | J52: 5 | K52: =IFERROR(INDEX(VIC_Postcode!$A:$A,MATCH(LARGE(Rank_Keys!$I:$I,5),Rank_Keys!$I:$I,0)),"") -> 3205 | L52: =IFERROR(INDEX(VIC_Postcode!$O:$O,MATCH(LARGE(Rank_Keys!$I:$I,5),Rank_Keys!$I:$I,0)),"") -> South Melbourne | M52: =IFERROR(INDEX(VIC_Postcode!$B:$B,MATCH(LARGE(Rank_Keys!$I:$I,5),Rank_Keys!$I:$I,0)),"") -> 69273 | N52: =IFERROR(INDEX(VIC_Postcode!$D:$D,MATCH(LARGE(Rank_Keys!$I:$I,5),Rank_Keys!$I:$I,0)),"") -> 5 | O52: =IFERROR(INDEX(VIC_Postcode!$F:$F,MATCH(LARGE(Rank_Keys!$I:$I,5),Rank_Keys!$I:$I,0)),"") -> 977 | P52: =IFERROR(INDEX(VIC_Postcode!$G:$G,MATCH(LARGE(Rank_Keys!$I:$I,5),Rank_Keys!$I:$I,0)),"") -> 61.265442
A53: 6 | B53: =IFERROR(INDEX(LGA_Summary!$C:$C,MATCH(LARGE(Rank_Keys!$H:$H,6),Rank_Keys!$H:$H,0)),"") -> Ipswich | C53: =IFERROR(INDEX(LGA_Summary!$D:$D,MATCH(LARGE(Rank_Keys!$H:$H,6),Rank_Keys!$H:$H,0)),"") -> 59405 | D53: =IFERROR(INDEX(LGA_Summary!$F:$F,MATCH(LARGE(Rank_Keys!$H:$H,6),Rank_Keys!$H:$H,0)),"") -> 3 | E53: =IFERROR(INDEX(LGA_Summary!$G:$G,MATCH(LARGE(Rank_Keys!$H:$H,6),Rank_Keys!$H:$H,0)),"") -> 6467 | F53: =IFERROR(INDEX(LGA_Summary!$H:$H,MATCH(LARGE(Rank_Keys!$H:$H,6),Rank_Keys!$H:$H,0)),"") -> 1505 | J53: 6 | K53: =IFERROR(INDEX(VIC_Postcode!$A:$A,MATCH(LARGE(Rank_Keys!$I:$I,6),Rank_Keys!$I:$I,0)),"") -> 3101 | L53: =IFERROR(INDEX(VIC_Postcode!$O:$O,MATCH(LARGE(Rank_Keys!$I:$I,6),Rank_Keys!$I:$I,0)),"") -> Kew | M53: =IFERROR(INDEX(VIC_Postcode!$B:$B,MATCH(LARGE(Rank_Keys!$I:$I,6),Rank_Keys!$I:$I,0)),"") -> 70000 | N53: =IFERROR(INDEX(VIC_Postcode!$D:$D,MATCH(LARGE(Rank_Keys!$I:$I,6),Rank_Keys!$I:$I,0)),"") -> 5 | O53: =IFERROR(INDEX(VIC_Postcode!$F:$F,MATCH(LARGE(Rank_Keys!$I:$I,6),Rank_Keys!$I:$I,0)),"") -> 1055 | P53: =IFERROR(INDEX(VIC_Postcode!$G:$G,MATCH(LARGE(Rank_Keys!$I:$I,6),Rank_Keys!$I:$I,0)),"") -> 61.074447
A54: 7 | B54: =IFERROR(INDEX(LGA_Summary!$C:$C,MATCH(LARGE(Rank_Keys!$H:$H,7),Rank_Keys!$H:$H,0)),"") -> Redland | C54: =IFERROR(INDEX(LGA_Summary!$D:$D,MATCH(LARGE(Rank_Keys!$H:$H,7),Rank_Keys!$H:$H,0)),"") -> 59533 | D54: =IFERROR(INDEX(LGA_Summary!$F:$F,MATCH(LARGE(Rank_Keys!$H:$H,7),Rank_Keys!$H:$H,0)),"") -> 4 | E54: =IFERROR(INDEX(LGA_Summary!$G:$G,MATCH(LARGE(Rank_Keys!$H:$H,7),Rank_Keys!$H:$H,0)),"") -> 4373 | F54: =IFERROR(INDEX(LGA_Summary!$H:$H,MATCH(LARGE(Rank_Keys!$H:$H,7),Rank_Keys!$H:$H,0)),"") -> 949 | J54: 7 | K54: =IFERROR(INDEX(VIC_Postcode!$A:$A,MATCH(LARGE(Rank_Keys!$I:$I,7),Rank_Keys!$I:$I,0)),"") -> 3126 | L54: =IFERROR(INDEX(VIC_Postcode!$O:$O,MATCH(LARGE(Rank_Keys!$I:$I,7),Rank_Keys!$I:$I,0)),"") -> Canterbury | M54: =IFERROR(INDEX(VIC_Postcode!$B:$B,MATCH(LARGE(Rank_Keys!$I:$I,7),Rank_Keys!$I:$I,0)),"") -> 68259 | N54: =IFERROR(INDEX(VIC_Postcode!$D:$D,MATCH(LARGE(Rank_Keys!$I:$I,7),Rank_Keys!$I:$I,0)),"") -> 5 | O54: =IFERROR(INDEX(VIC_Postcode!$F:$F,MATCH(LARGE(Rank_Keys!$I:$I,7),Rank_Keys!$I:$I,0)),"") -> 347 | P54: =IFERROR(INDEX(VIC_Postcode!$G:$G,MATCH(LARGE(Rank_Keys!$I:$I,7),Rank_Keys!$I:$I,0)),"") -> 61.048557
A55: 8 | B55: =IFERROR(INDEX(LGA_Summary!$C:$C,MATCH(LARGE(Rank_Keys!$H:$H,8),Rank_Keys!$H:$H,0)),"") -> Townsville | C55: =IFERROR(INDEX(LGA_Summary!$D:$D,MATCH(LARGE(Rank_Keys!$H:$H,8),Rank_Keys!$H:$H,0)),"") -> 62262 | D55: =IFERROR(INDEX(LGA_Summary!$F:$F,MATCH(LARGE(Rank_Keys!$H:$H,8),Rank_Keys!$H:$H,0)),"") -> 4 | E55: =IFERROR(INDEX(LGA_Summary!$G:$G,MATCH(LARGE(Rank_Keys!$H:$H,8),Rank_Keys!$H:$H,0)),"") -> 4958 | F55: =IFERROR(INDEX(LGA_Summary!$H:$H,MATCH(LARGE(Rank_Keys!$H:$H,8),Rank_Keys!$H:$H,0)),"") -> 652 | J55: 8 | K55: =IFERROR(INDEX(VIC_Postcode!$A:$A,MATCH(LARGE(Rank_Keys!$I:$I,8),Rank_Keys!$I:$I,0)),"") -> 3103 | L55: =IFERROR(INDEX(VIC_Postcode!$O:$O,MATCH(LARGE(Rank_Keys!$I:$I,8),Rank_Keys!$I:$I,0)),"") -> Deepdene, Balwyn | M55: =IFERROR(INDEX(VIC_Postcode!$B:$B,MATCH(LARGE(Rank_Keys!$I:$I,8),Rank_Keys!$I:$I,0)),"") -> 54476 | N55: =IFERROR(INDEX(VIC_Postcode!$D:$D,MATCH(LARGE(Rank_Keys!$I:$I,8),Rank_Keys!$I:$I,0)),"") -> 2 | O55: =IFERROR(INDEX(VIC_Postcode!$F:$F,MATCH(LARGE(Rank_Keys!$I:$I,8),Rank_Keys!$I:$I,0)),"") -> 657 | P55: =IFERROR(INDEX(VIC_Postcode!$G:$G,MATCH(LARGE(Rank_Keys!$I:$I,8),Rank_Keys!$I:$I,0)),"") -> 59.939787
A56: 9 | B56: =IFERROR(INDEX(LGA_Summary!$C:$C,MATCH(LARGE(Rank_Keys!$H:$H,9),Rank_Keys!$H:$H,0)),"") -> Cairns | C56: =IFERROR(INDEX(LGA_Summary!$D:$D,MATCH(LARGE(Rank_Keys!$H:$H,9),Rank_Keys!$H:$H,0)),"") -> 55547 | D56: =IFERROR(INDEX(LGA_Summary!$F:$F,MATCH(LARGE(Rank_Keys!$H:$H,9),Rank_Keys!$H:$H,0)),"") -> 3 | E56: =IFERROR(INDEX(LGA_Summary!$G:$G,MATCH(LARGE(Rank_Keys!$H:$H,9),Rank_Keys!$H:$H,0)),"") -> 3556 | F56: =IFERROR(INDEX(LGA_Summary!$H:$H,MATCH(LARGE(Rank_Keys!$H:$H,9),Rank_Keys!$H:$H,0)),"") -> 606 | J56: 9 | K56: =IFERROR(INDEX(VIC_Postcode!$A:$A,MATCH(LARGE(Rank_Keys!$I:$I,9),Rank_Keys!$I:$I,0)),"") -> 3147 | L56: =IFERROR(INDEX(VIC_Postcode!$O:$O,MATCH(LARGE(Rank_Keys!$I:$I,9),Rank_Keys!$I:$I,0)),"") -> Ashwood, Ashburton | M56: =IFERROR(INDEX(VIC_Postcode!$B:$B,MATCH(LARGE(Rank_Keys!$I:$I,9),Rank_Keys!$I:$I,0)),"") -> 66099 | N56: =IFERROR(INDEX(VIC_Postcode!$D:$D,MATCH(LARGE(Rank_Keys!$I:$I,9),Rank_Keys!$I:$I,0)),"") -> 5 | O56: =IFERROR(INDEX(VIC_Postcode!$F:$F,MATCH(LARGE(Rank_Keys!$I:$I,9),Rank_Keys!$I:$I,0)),"") -> 599 | P56: =IFERROR(INDEX(VIC_Postcode!$G:$G,MATCH(LARGE(Rank_Keys!$I:$I,9),Rank_Keys!$I:$I,0)),"") -> 58.279821
A57: 10 | B57: =IFERROR(INDEX(LGA_Summary!$C:$C,MATCH(LARGE(Rank_Keys!$H:$H,10),Rank_Keys!$H:$H,0)),"") -> Toowoomba | C57: =IFERROR(INDEX(LGA_Summary!$D:$D,MATCH(LARGE(Rank_Keys!$H:$H,10),Rank_Keys!$H:$H,0)),"") -> 55551 | D57: =IFERROR(INDEX(LGA_Summary!$F:$F,MATCH(LARGE(Rank_Keys!$H:$H,10),Rank_Keys!$H:$H,0)),"") -> 3 | E57: =IFERROR(INDEX(LGA_Summary!$G:$G,MATCH(LARGE(Rank_Keys!$H:$H,10),Rank_Keys!$H:$H,0)),"") -> 4029 | F57: =IFERROR(INDEX(LGA_Summary!$H:$H,MATCH(LARGE(Rank_Keys!$H:$H,10),Rank_Keys!$H:$H,0)),"") -> 498 | J57: 10 | K57: =IFERROR(INDEX(VIC_Postcode!$A:$A,MATCH(LARGE(Rank_Keys!$I:$I,10),Rank_Keys!$I:$I,0)),"") -> 3027 | L57: =IFERROR(INDEX(VIC_Postcode!$O:$O,MATCH(LARGE(Rank_Keys!$I:$I,10),Rank_Keys!$I:$I,0)),"") -> Williams Landing | M57: =IFERROR(INDEX(VIC_Postcode!$B:$B,MATCH(LARGE(Rank_Keys!$I:$I,10),Rank_Keys!$I:$I,0)),"") -> 60366 | N57: =IFERROR(INDEX(VIC_Postcode!$D:$D,MATCH(LARGE(Rank_Keys!$I:$I,10),Rank_Keys!$I:$I,0)),"") -> 3 | O57: =IFERROR(INDEX(VIC_Postcode!$F:$F,MATCH(LARGE(Rank_Keys!$I:$I,10),Rank_Keys!$I:$I,0)),"") -> 373 | P57: =IFERROR(INDEX(VIC_Postcode!$G:$G,MATCH(LARGE(Rank_Keys!$I:$I,10),Rank_Keys!$I:$I,0)),"") -> 57.296467
A60: VIC suburbs (postcodes) — most BEVs registered (fleet count) | J60: VIC suburbs (postcodes) — most BEVs added in the crisis quarter (count)
A61: # | B61: Postcode | C61: Suburbs | D61: Median taxable income ($) | E61: Income group | F61: Vehicles | G61: BEVs | J61: # | K61: Postcode | L61: Suburbs | M61: Median taxable income ($) | N61: Income group | O61: Added year earlier | P61: Added (crisis qtr)
A62: 1 | B62: =IFERROR(INDEX(VIC_Postcode!$A:$A,MATCH(LARGE(Rank_Keys!$J:$J,1),Rank_Keys!$J:$J,0)),"") -> 3030 | C62: =IFERROR(INDEX(VIC_Postcode!$O:$O,MATCH(LARGE(Rank_Keys!$J:$J,1),Rank_Keys!$J:$J,0)),"") -> Werribee South, Point Cook, Werribee +2 | D62: =IFERROR(INDEX(VIC_Postcode!$B:$B,MATCH(LARGE(Rank_Keys!$J:$J,1),Rank_Keys!$J:$J,0)),"") -> 61527 | E62: =IFERROR(INDEX(VIC_Postcode!$D:$D,MATCH(LARGE(Rank_Keys!$J:$J,1),Rank_Keys!$J:$J,0)),"") -> 4 | F62: =IFERROR(INDEX(VIC_Postcode!$E:$E,MATCH(LARGE(Rank_Keys!$J:$J,1),Rank_Keys!$J:$J,0)),"") -> 91567 | G62: =IFERROR(INDEX(VIC_Postcode!$F:$F,MATCH(LARGE(Rank_Keys!$J:$J,1),Rank_Keys!$J:$J,0)),"") -> 3137 | J62: 1 | K62: =IFERROR(INDEX(VIC_Postcode!$A:$A,MATCH(LARGE(Rank_Keys!$K:$K,1),Rank_Keys!$K:$K,0)),"") -> 3029 | L62: =IFERROR(INDEX(VIC_Postcode!$O:$O,MATCH(LARGE(Rank_Keys!$K:$K,1),Rank_Keys!$K:$K,0)),"") -> Hoppers Crossing, Tarneit, Truganina | M62: =IFERROR(INDEX(VIC_Postcode!$B:$B,MATCH(LARGE(Rank_Keys!$K:$K,1),Rank_Keys!$K:$K,0)),"") -> 52005 | N62: =IFERROR(INDEX(VIC_Postcode!$D:$D,MATCH(LARGE(Rank_Keys!$K:$K,1),Rank_Keys!$K:$K,0)),"") -> 1 | O62: =IFERROR(INDEX(VIC_Postcode!$R:$R,MATCH(LARGE(Rank_Keys!$K:$K,1),Rank_Keys!$K:$K,0)),"") -> 218 | P62: =IFERROR(INDEX(VIC_Postcode!$P:$P,MATCH(LARGE(Rank_Keys!$K:$K,1),Rank_Keys!$K:$K,0)),"") -> 623
A63: 2 | B63: =IFERROR(INDEX(VIC_Postcode!$A:$A,MATCH(LARGE(Rank_Keys!$J:$J,2),Rank_Keys!$J:$J,0)),"") -> 3029 | C63: =IFERROR(INDEX(VIC_Postcode!$O:$O,MATCH(LARGE(Rank_Keys!$J:$J,2),Rank_Keys!$J:$J,0)),"") -> Hoppers Crossing, Tarneit, Truganina | D63: =IFERROR(INDEX(VIC_Postcode!$B:$B,MATCH(LARGE(Rank_Keys!$J:$J,2),Rank_Keys!$J:$J,0)),"") -> 52005 | E63: =IFERROR(INDEX(VIC_Postcode!$D:$D,MATCH(LARGE(Rank_Keys!$J:$J,2),Rank_Keys!$J:$J,0)),"") -> 1 | F63: =IFERROR(INDEX(VIC_Postcode!$E:$E,MATCH(LARGE(Rank_Keys!$J:$J,2),Rank_Keys!$J:$J,0)),"") -> 121684 | G63: =IFERROR(INDEX(VIC_Postcode!$F:$F,MATCH(LARGE(Rank_Keys!$J:$J,2),Rank_Keys!$J:$J,0)),"") -> 3116 | J63: 2 | K63: =IFERROR(INDEX(VIC_Postcode!$A:$A,MATCH(LARGE(Rank_Keys!$K:$K,2),Rank_Keys!$K:$K,0)),"") -> 3030 | L63: =IFERROR(INDEX(VIC_Postcode!$O:$O,MATCH(LARGE(Rank_Keys!$K:$K,2),Rank_Keys!$K:$K,0)),"") -> Werribee South, Point Cook, Werribee +2 | M63: =IFERROR(INDEX(VIC_Postcode!$B:$B,MATCH(LARGE(Rank_Keys!$K:$K,2),Rank_Keys!$K:$K,0)),"") -> 61527 | N63: =IFERROR(INDEX(VIC_Postcode!$D:$D,MATCH(LARGE(Rank_Keys!$K:$K,2),Rank_Keys!$K:$K,0)),"") -> 4 | O63: =IFERROR(INDEX(VIC_Postcode!$R:$R,MATCH(LARGE(Rank_Keys!$K:$K,2),Rank_Keys!$K:$K,0)),"") -> 249 | P63: =IFERROR(INDEX(VIC_Postcode!$P:$P,MATCH(LARGE(Rank_Keys!$K:$K,2),Rank_Keys!$K:$K,0)),"") -> 518
A64: 3 | B64: =IFERROR(INDEX(VIC_Postcode!$A:$A,MATCH(LARGE(Rank_Keys!$J:$J,3),Rank_Keys!$J:$J,0)),"") -> 3150 | C64: =IFERROR(INDEX(VIC_Postcode!$O:$O,MATCH(LARGE(Rank_Keys!$J:$J,3),Rank_Keys!$J:$J,0)),"") -> Wheelers Hill, Glen Waverley | D64: =IFERROR(INDEX(VIC_Postcode!$B:$B,MATCH(LARGE(Rank_Keys!$J:$J,3),Rank_Keys!$J:$J,0)),"") -> 50524 | E64: =IFERROR(INDEX(VIC_Postcode!$D:$D,MATCH(LARGE(Rank_Keys!$J:$J,3),Rank_Keys!$J:$J,0)),"") -> 1 | F64: =IFERROR(INDEX(VIC_Postcode!$E:$E,MATCH(LARGE(Rank_Keys!$J:$J,3),Rank_Keys!$J:$J,0)),"") -> 46063 | G64: =IFERROR(INDEX(VIC_Postcode!$F:$F,MATCH(LARGE(Rank_Keys!$J:$J,3),Rank_Keys!$J:$J,0)),"") -> 2437 | J64: 3 | K64: =IFERROR(INDEX(VIC_Postcode!$A:$A,MATCH(LARGE(Rank_Keys!$K:$K,3),Rank_Keys!$K:$K,0)),"") -> 3150 | L64: =IFERROR(INDEX(VIC_Postcode!$O:$O,MATCH(LARGE(Rank_Keys!$K:$K,3),Rank_Keys!$K:$K,0)),"") -> Wheelers Hill, Glen Waverley | M64: =IFERROR(INDEX(VIC_Postcode!$B:$B,MATCH(LARGE(Rank_Keys!$K:$K,3),Rank_Keys!$K:$K,0)),"") -> 50524 | N64: =IFERROR(INDEX(VIC_Postcode!$D:$D,MATCH(LARGE(Rank_Keys!$K:$K,3),Rank_Keys!$K:$K,0)),"") -> 1 | O64: =IFERROR(INDEX(VIC_Postcode!$R:$R,MATCH(LARGE(Rank_Keys!$K:$K,3),Rank_Keys!$K:$K,0)),"") -> 150 | P64: =IFERROR(INDEX(VIC_Postcode!$P:$P,MATCH(LARGE(Rank_Keys!$K:$K,3),Rank_Keys!$K:$K,0)),"") -> 376
A65: 4 | B65: =IFERROR(INDEX(VIC_Postcode!$A:$A,MATCH(LARGE(Rank_Keys!$J:$J,4),Rank_Keys!$J:$J,0)),"") -> 3000 | C65: =IFERROR(INDEX(VIC_Postcode!$O:$O,MATCH(LARGE(Rank_Keys!$J:$J,4),Rank_Keys!$J:$J,0)),"") -> Melbourne CBD | D65: =IFERROR(INDEX(VIC_Postcode!$B:$B,MATCH(LARGE(Rank_Keys!$J:$J,4),Rank_Keys!$J:$J,0)),"") -> 34511 | E65: =IFERROR(INDEX(VIC_Postcode!$D:$D,MATCH(LARGE(Rank_Keys!$J:$J,4),Rank_Keys!$J:$J,0)),"") -> 1 | F65: =IFERROR(INDEX(VIC_Postcode!$E:$E,MATCH(LARGE(Rank_Keys!$J:$J,4),Rank_Keys!$J:$J,0)),"") -> 23381 | G65: =IFERROR(INDEX(VIC_Postcode!$F:$F,MATCH(LARGE(Rank_Keys!$J:$J,4),Rank_Keys!$J:$J,0)),"") -> 2217 | J65: 4 | K65: =IFERROR(INDEX(VIC_Postcode!$A:$A,MATCH(LARGE(Rank_Keys!$K:$K,4),Rank_Keys!$K:$K,0)),"") -> 3000 | L65: =IFERROR(INDEX(VIC_Postcode!$O:$O,MATCH(LARGE(Rank_Keys!$K:$K,4),Rank_Keys!$K:$K,0)),"") -> Melbourne CBD | M65: =IFERROR(INDEX(VIC_Postcode!$B:$B,MATCH(LARGE(Rank_Keys!$K:$K,4),Rank_Keys!$K:$K,0)),"") -> 34511 | N65: =IFERROR(INDEX(VIC_Postcode!$D:$D,MATCH(LARGE(Rank_Keys!$K:$K,4),Rank_Keys!$K:$K,0)),"") -> 1 | O65: =IFERROR(INDEX(VIC_Postcode!$R:$R,MATCH(LARGE(Rank_Keys!$K:$K,4),Rank_Keys!$K:$K,0)),"") -> 141 | P65: =IFERROR(INDEX(VIC_Postcode!$P:$P,MATCH(LARGE(Rank_Keys!$K:$K,4),Rank_Keys!$K:$K,0)),"") -> 370
A66: 5 | B66: =IFERROR(INDEX(VIC_Postcode!$A:$A,MATCH(LARGE(Rank_Keys!$J:$J,5),Rank_Keys!$J:$J,0)),"") -> 3064 | C66: =IFERROR(INDEX(VIC_Postcode!$O:$O,MATCH(LARGE(Rank_Keys!$J:$J,5),Rank_Keys!$J:$J,0)),"") -> Roxburgh Park, Kalkallo, Donnybrook +2 | D66: =IFERROR(INDEX(VIC_Postcode!$B:$B,MATCH(LARGE(Rank_Keys!$J:$J,5),Rank_Keys!$J:$J,0)),"") -> 52219 | E66: =IFERROR(INDEX(VIC_Postcode!$D:$D,MATCH(LARGE(Rank_Keys!$J:$J,5),Rank_Keys!$J:$J,0)),"") -> 2 | F66: =IFERROR(INDEX(VIC_Postcode!$E:$E,MATCH(LARGE(Rank_Keys!$J:$J,5),Rank_Keys!$J:$J,0)),"") -> 101218 | G66: =IFERROR(INDEX(VIC_Postcode!$F:$F,MATCH(LARGE(Rank_Keys!$J:$J,5),Rank_Keys!$J:$J,0)),"") -> 1870 | J66: 5 | K66: =IFERROR(INDEX(VIC_Postcode!$A:$A,MATCH(LARGE(Rank_Keys!$K:$K,5),Rank_Keys!$K:$K,0)),"") -> 3064 | L66: =IFERROR(INDEX(VIC_Postcode!$O:$O,MATCH(LARGE(Rank_Keys!$K:$K,5),Rank_Keys!$K:$K,0)),"") -> Roxburgh Park, Kalkallo, Donnybrook +2 | M66: =IFERROR(INDEX(VIC_Postcode!$B:$B,MATCH(LARGE(Rank_Keys!$K:$K,5),Rank_Keys!$K:$K,0)),"") -> 52219 | N66: =IFERROR(INDEX(VIC_Postcode!$D:$D,MATCH(LARGE(Rank_Keys!$K:$K,5),Rank_Keys!$K:$K,0)),"") -> 2 | O66: =IFERROR(INDEX(VIC_Postcode!$R:$R,MATCH(LARGE(Rank_Keys!$K:$K,5),Rank_Keys!$K:$K,0)),"") -> 124 | P66: =IFERROR(INDEX(VIC_Postcode!$P:$P,MATCH(LARGE(Rank_Keys!$K:$K,5),Rank_Keys!$K:$K,0)),"") -> 361
A67: 6 | B67: =IFERROR(INDEX(VIC_Postcode!$A:$A,MATCH(LARGE(Rank_Keys!$J:$J,6),Rank_Keys!$J:$J,0)),"") -> 3977 | C67: =IFERROR(INDEX(VIC_Postcode!$O:$O,MATCH(LARGE(Rank_Keys!$J:$J,6),Rank_Keys!$J:$J,0)),"") -> Junction Village, Sandhurst, Botanic Ridge +8 | D67: =IFERROR(INDEX(VIC_Postcode!$B:$B,MATCH(LARGE(Rank_Keys!$J:$J,6),Rank_Keys!$J:$J,0)),"") -> 57157 | E67: =IFERROR(INDEX(VIC_Postcode!$D:$D,MATCH(LARGE(Rank_Keys!$J:$J,6),Rank_Keys!$J:$J,0)),"") -> 3 | F67: =IFERROR(INDEX(VIC_Postcode!$E:$E,MATCH(LARGE(Rank_Keys!$J:$J,6),Rank_Keys!$J:$J,0)),"") -> 94196 | G67: =IFERROR(INDEX(VIC_Postcode!$F:$F,MATCH(LARGE(Rank_Keys!$J:$J,6),Rank_Keys!$J:$J,0)),"") -> 1803 | J67: 6 | K67: =IFERROR(INDEX(VIC_Postcode!$A:$A,MATCH(LARGE(Rank_Keys!$K:$K,6),Rank_Keys!$K:$K,0)),"") -> 3977 | L67: =IFERROR(INDEX(VIC_Postcode!$O:$O,MATCH(LARGE(Rank_Keys!$K:$K,6),Rank_Keys!$K:$K,0)),"") -> Junction Village, Sandhurst, Botanic Ridge +8 | M67: =IFERROR(INDEX(VIC_Postcode!$B:$B,MATCH(LARGE(Rank_Keys!$K:$K,6),Rank_Keys!$K:$K,0)),"") -> 57157 | N67: =IFERROR(INDEX(VIC_Postcode!$D:$D,MATCH(LARGE(Rank_Keys!$K:$K,6),Rank_Keys!$K:$K,0)),"") -> 3 | O67: =IFERROR(INDEX(VIC_Postcode!$R:$R,MATCH(LARGE(Rank_Keys!$K:$K,6),Rank_Keys!$K:$K,0)),"") -> 107 | P67: =IFERROR(INDEX(VIC_Postcode!$P:$P,MATCH(LARGE(Rank_Keys!$K:$K,6),Rank_Keys!$K:$K,0)),"") -> 358
A68: 7 | B68: =IFERROR(INDEX(VIC_Postcode!$A:$A,MATCH(LARGE(Rank_Keys!$J:$J,7),Rank_Keys!$J:$J,0)),"") -> 3978 | C68: =IFERROR(INDEX(VIC_Postcode!$O:$O,MATCH(LARGE(Rank_Keys!$J:$J,7),Rank_Keys!$J:$J,0)),"") -> Cardinia, Clyde North, Clyde | D68: =IFERROR(INDEX(VIC_Postcode!$B:$B,MATCH(LARGE(Rank_Keys!$J:$J,7),Rank_Keys!$J:$J,0)),"") -> 58136 | E68: =IFERROR(INDEX(VIC_Postcode!$D:$D,MATCH(LARGE(Rank_Keys!$J:$J,7),Rank_Keys!$J:$J,0)),"") -> 3 | F68: =IFERROR(INDEX(VIC_Postcode!$E:$E,MATCH(LARGE(Rank_Keys!$J:$J,7),Rank_Keys!$J:$J,0)),"") -> 54608 | G68: =IFERROR(INDEX(VIC_Postcode!$F:$F,MATCH(LARGE(Rank_Keys!$J:$J,7),Rank_Keys!$J:$J,0)),"") -> 1693 | J68: 7 | K68: =IFERROR(INDEX(VIC_Postcode!$A:$A,MATCH(LARGE(Rank_Keys!$K:$K,7),Rank_Keys!$K:$K,0)),"") -> 3978 | L68: =IFERROR(INDEX(VIC_Postcode!$O:$O,MATCH(LARGE(Rank_Keys!$K:$K,7),Rank_Keys!$K:$K,0)),"") -> Cardinia, Clyde North, Clyde | M68: =IFERROR(INDEX(VIC_Postcode!$B:$B,MATCH(LARGE(Rank_Keys!$K:$K,7),Rank_Keys!$K:$K,0)),"") -> 58136 | N68: =IFERROR(INDEX(VIC_Postcode!$D:$D,MATCH(LARGE(Rank_Keys!$K:$K,7),Rank_Keys!$K:$K,0)),"") -> 3 | O68: =IFERROR(INDEX(VIC_Postcode!$R:$R,MATCH(LARGE(Rank_Keys!$K:$K,7),Rank_Keys!$K:$K,0)),"") -> 117 | P68: =IFERROR(INDEX(VIC_Postcode!$P:$P,MATCH(LARGE(Rank_Keys!$K:$K,7),Rank_Keys!$K:$K,0)),"") -> 356
A69: 8 | B69: =IFERROR(INDEX(VIC_Postcode!$A:$A,MATCH(LARGE(Rank_Keys!$J:$J,8),Rank_Keys!$J:$J,0)),"") -> 3806 | C69: =IFERROR(INDEX(VIC_Postcode!$O:$O,MATCH(LARGE(Rank_Keys!$J:$J,8),Rank_Keys!$J:$J,0)),"") -> Harkaway, Berwick | D69: =IFERROR(INDEX(VIC_Postcode!$B:$B,MATCH(LARGE(Rank_Keys!$J:$J,8),Rank_Keys!$J:$J,0)),"") -> 61678 | E69: =IFERROR(INDEX(VIC_Postcode!$D:$D,MATCH(LARGE(Rank_Keys!$J:$J,8),Rank_Keys!$J:$J,0)),"") -> 4 | F69: =IFERROR(INDEX(VIC_Postcode!$E:$E,MATCH(LARGE(Rank_Keys!$J:$J,8),Rank_Keys!$J:$J,0)),"") -> 44058 | G69: =IFERROR(INDEX(VIC_Postcode!$F:$F,MATCH(LARGE(Rank_Keys!$J:$J,8),Rank_Keys!$J:$J,0)),"") -> 1454 | J69: 8 | K69: =IFERROR(INDEX(VIC_Postcode!$A:$A,MATCH(LARGE(Rank_Keys!$K:$K,8),Rank_Keys!$K:$K,0)),"") -> 3806 | L69: =IFERROR(INDEX(VIC_Postcode!$O:$O,MATCH(LARGE(Rank_Keys!$K:$K,8),Rank_Keys!$K:$K,0)),"") -> Harkaway, Berwick | M69: =IFERROR(INDEX(VIC_Postcode!$B:$B,MATCH(LARGE(Rank_Keys!$K:$K,8),Rank_Keys!$K:$K,0)),"") -> 61678 | N69: =IFERROR(INDEX(VIC_Postcode!$D:$D,MATCH(LARGE(Rank_Keys!$K:$K,8),Rank_Keys!$K:$K,0)),"") -> 4 | O69: =IFERROR(INDEX(VIC_Postcode!$R:$R,MATCH(LARGE(Rank_Keys!$K:$K,8),Rank_Keys!$K:$K,0)),"") -> 83 | P69: =IFERROR(INDEX(VIC_Postcode!$P:$P,MATCH(LARGE(Rank_Keys!$K:$K,8),Rank_Keys!$K:$K,0)),"") -> 256
A70: 9 | B70: =IFERROR(INDEX(VIC_Postcode!$A:$A,MATCH(LARGE(Rank_Keys!$J:$J,9),Rank_Keys!$J:$J,0)),"") -> 3149 | C70: =IFERROR(INDEX(VIC_Postcode!$O:$O,MATCH(LARGE(Rank_Keys!$J:$J,9),Rank_Keys!$J:$J,0)),"") -> Mount Waverley | D70: =IFERROR(INDEX(VIC_Postcode!$B:$B,MATCH(LARGE(Rank_Keys!$J:$J,9),Rank_Keys!$J:$J,0)),"") -> 57477 | E70: =IFERROR(INDEX(VIC_Postcode!$D:$D,MATCH(LARGE(Rank_Keys!$J:$J,9),Rank_Keys!$J:$J,0)),"") -> 3 | F70: =IFERROR(INDEX(VIC_Postcode!$E:$E,MATCH(LARGE(Rank_Keys!$J:$J,9),Rank_Keys!$J:$J,0)),"") -> 28116 | G70: =IFERROR(INDEX(VIC_Postcode!$F:$F,MATCH(LARGE(Rank_Keys!$J:$J,9),Rank_Keys!$J:$J,0)),"") -> 1409 | J70: 9 | K70: =IFERROR(INDEX(VIC_Postcode!$A:$A,MATCH(LARGE(Rank_Keys!$K:$K,9),Rank_Keys!$K:$K,0)),"") -> 3336 | L70: =IFERROR(INDEX(VIC_Postcode!$O:$O,MATCH(LARGE(Rank_Keys!$K:$K,9),Rank_Keys!$K:$K,0)),"") -> Aintree, Deanside, Fraser Rise | M70: =IFERROR(INDEX(VIC_Postcode!$B:$B,MATCH(LARGE(Rank_Keys!$K:$K,9),Rank_Keys!$K:$K,0)),"") -> 60927 | N70: =IFERROR(INDEX(VIC_Postcode!$D:$D,MATCH(LARGE(Rank_Keys!$K:$K,9),Rank_Keys!$K:$K,0)),"") -> 4 | O70: =IFERROR(INDEX(VIC_Postcode!$R:$R,MATCH(LARGE(Rank_Keys!$K:$K,9),Rank_Keys!$K:$K,0)),"") -> 54 | P70: =IFERROR(INDEX(VIC_Postcode!$P:$P,MATCH(LARGE(Rank_Keys!$K:$K,9),Rank_Keys!$K:$K,0)),"") -> 214
A71: 10 | B71: =IFERROR(INDEX(VIC_Postcode!$A:$A,MATCH(LARGE(Rank_Keys!$J:$J,10),Rank_Keys!$J:$J,0)),"") -> 3170 | C71: =IFERROR(INDEX(VIC_Postcode!$O:$O,MATCH(LARGE(Rank_Keys!$J:$J,10),Rank_Keys!$J:$J,0)),"") -> Mulgrave | D71: =IFERROR(INDEX(VIC_Postcode!$B:$B,MATCH(LARGE(Rank_Keys!$J:$J,10),Rank_Keys!$J:$J,0)),"") -> 57931 | E71: =IFERROR(INDEX(VIC_Postcode!$D:$D,MATCH(LARGE(Rank_Keys!$J:$J,10),Rank_Keys!$J:$J,0)),"") -> 3 | F71: =IFERROR(INDEX(VIC_Postcode!$E:$E,MATCH(LARGE(Rank_Keys!$J:$J,10),Rank_Keys!$J:$J,0)),"") -> 25887 | G71: =IFERROR(INDEX(VIC_Postcode!$F:$F,MATCH(LARGE(Rank_Keys!$J:$J,10),Rank_Keys!$J:$J,0)),"") -> 1370 | J71: 10 | K71: =IFERROR(INDEX(VIC_Postcode!$A:$A,MATCH(LARGE(Rank_Keys!$K:$K,10),Rank_Keys!$K:$K,0)),"") -> 3149 | L71: =IFERROR(INDEX(VIC_Postcode!$O:$O,MATCH(LARGE(Rank_Keys!$K:$K,10),Rank_Keys!$K:$K,0)),"") -> Mount Waverley | M71: =IFERROR(INDEX(VIC_Postcode!$B:$B,MATCH(LARGE(Rank_Keys!$K:$K,10),Rank_Keys!$K:$K,0)),"") -> 57477 | N71: =IFERROR(INDEX(VIC_Postcode!$D:$D,MATCH(LARGE(Rank_Keys!$K:$K,10),Rank_Keys!$K:$K,0)),"") -> 3 | O71: =IFERROR(INDEX(VIC_Postcode!$R:$R,MATCH(LARGE(Rank_Keys!$K:$K,10),Rank_Keys!$K:$K,0)),"") -> 88 | P71: =IFERROR(INDEX(VIC_Postcode!$P:$P,MATCH(LARGE(Rank_Keys!$K:$K,10),Rank_Keys!$K:$K,0)),"") -> 202

Sheet Fuel_Crisis
A1: The 2026 fuel crisis — did the price shock change who buys BEVs?
A2: Crisis = months from the detected onset (Inputs) to the latest month, compared with the same calendar months a year earlier (controls for seasonality such as the June EOFY peak).
A4: Month | B4: NSW retail ULP (c/L) | C4: NSW retail diesel (c/L) | D4: QLD retail ULP (c/L) | E4: QLD retail diesel (c/L) | F4: Terminal gate petrol (c/L) | G4: Crisis month? (1 = yes) | H4: NSW BEV share — all areas | I4: QLD BEV share — all areas
A5: =Flow_Group_Month!A5 -> 44927 | B5: =IFERROR(INDEX(Fuel_Prices!$B:$B,MATCH($A5,Fuel_Prices!$A:$A,0)),"") -> 179.26 | C5: =IFERROR(INDEX(Fuel_Prices!$C:$C,MATCH($A5,Fuel_Prices!$A:$A,0)),"") -> 209.91 | D5: =IFERROR(INDEX(Fuel_Prices!$D:$D,MATCH($A5,Fuel_Prices!$A:$A,0)),"") -> 179.69 | E5: =IFERROR(INDEX(Fuel_Prices!$E:$E,MATCH($A5,Fuel_Prices!$A:$A,0)),"") -> 210.17 | F5: =IFERROR(INDEX(Fuel_Prices!$F:$F,MATCH($A5,Fuel_Prices!$A:$A,0)),"") -> 167.95 | G5: =IF(AND(A5>=Inputs!$B$28,A5<=Inputs!$B$29),1,0) -> 0 | H5: =Flow_Group_Month!AA5 -> 0.07891196 | I5: =Flow_Group_Month!AG5 -> 0.11648822
A6: =Flow_Group_Month!A6 -> 44958 | B6: =IFERROR(INDEX(Fuel_Prices!$B:$B,MATCH($A6,Fuel_Prices!$A:$A,0)),"") -> 184.98 | C6: =IFERROR(INDEX(Fuel_Prices!$C:$C,MATCH($A6,Fuel_Prices!$A:$A,0)),"") -> 204.56 | D6: =IFERROR(INDEX(Fuel_Prices!$D:$D,MATCH($A6,Fuel_Prices!$A:$A,0)),"") -> 182.96 | E6: =IFERROR(INDEX(Fuel_Prices!$E:$E,MATCH($A6,Fuel_Prices!$A:$A,0)),"") -> 202.99 | F6: =IFERROR(INDEX(Fuel_Prices!$F:$F,MATCH($A6,Fuel_Prices!$A:$A,0)),"") -> 171.66 | G6: =IF(AND(A6>=Inputs!$B$28,A6<=Inputs!$B$29),1,0) -> 0 | H6: =Flow_Group_Month!AA6 -> 0.09663282 | I6: =Flow_Group_Month!AG6 -> 0.091915704
A7: =Flow_Group_Month!A7 -> 44986 | B7: =IFERROR(INDEX(Fuel_Prices!$B:$B,MATCH($A7,Fuel_Prices!$A:$A,0)),"") -> 184.5 | C7: =IFERROR(INDEX(Fuel_Prices!$C:$C,MATCH($A7,Fuel_Prices!$A:$A,0)),"") -> 200.31 | D7: =IFERROR(INDEX(Fuel_Prices!$D:$D,MATCH($A7,Fuel_Prices!$A:$A,0)),"") -> 183.62 | E7: =IFERROR(INDEX(Fuel_Prices!$E:$E,MATCH($A7,Fuel_Prices!$A:$A,0)),"") -> 198.56 | F7: =IFERROR(INDEX(Fuel_Prices!$F:$F,MATCH($A7,Fuel_Prices!$A:$A,0)),"") -> 172.9 | G7: =IF(AND(A7>=Inputs!$B$28,A7<=Inputs!$B$29),1,0) -> 0 | H7: =Flow_Group_Month!AA7 -> 0.11175976 | I7: =Flow_Group_Month!AG7 -> 0.087064915
A8: =Flow_Group_Month!A8 -> 45017 | B8: =IFERROR(INDEX(Fuel_Prices!$B:$B,MATCH($A8,Fuel_Prices!$A:$A,0)),"") -> 189.69 | C8: =IFERROR(INDEX(Fuel_Prices!$C:$C,MATCH($A8,Fuel_Prices!$A:$A,0)),"") -> 197.21 | D8: =IFERROR(INDEX(Fuel_Prices!$D:$D,MATCH($A8,Fuel_Prices!$A:$A,0)),"") -> 190.31 | E8: =IFERROR(INDEX(Fuel_Prices!$E:$E,MATCH($A8,Fuel_Prices!$A:$A,0)),"") -> 195.9 | F8: =IFERROR(INDEX(Fuel_Prices!$F:$F,MATCH($A8,Fuel_Prices!$A:$A,0)),"") -> 177.26 | G8: =IF(AND(A8>=Inputs!$B$28,A8<=Inputs!$B$29),1,0) -> 0 | H8: =Flow_Group_Month!AA8 -> 0.062225956 | I8: =Flow_Group_Month!AG8 -> 0.11344727
A9: =Flow_Group_Month!A9 -> 45047 | B9: =IFERROR(INDEX(Fuel_Prices!$B:$B,MATCH($A9,Fuel_Prices!$A:$A,0)),"") -> 181.63 | C9: =IFERROR(INDEX(Fuel_Prices!$C:$C,MATCH($A9,Fuel_Prices!$A:$A,0)),"") -> 190.15 | D9: =IFERROR(INDEX(Fuel_Prices!$D:$D,MATCH($A9,Fuel_Prices!$A:$A,0)),"") -> 180.93 | E9: =IFERROR(INDEX(Fuel_Prices!$E:$E,MATCH($A9,Fuel_Prices!$A:$A,0)),"") -> 188.96 | F9: =IFERROR(INDEX(Fuel_Prices!$F:$F,MATCH($A9,Fuel_Prices!$A:$A,0)),"") -> 166.46 | G9: =IF(AND(A9>=Inputs!$B$28,A9<=Inputs!$B$29),1,0) -> 0 | H9: =Flow_Group_Month!AA9 -> 0.086556492 | I9: =Flow_Group_Month!AG9 -> 0.080929408
A10: =Flow_Group_Month!A10 -> 45078 | B10: =IFERROR(INDEX(Fuel_Prices!$B:$B,MATCH($A10,Fuel_Prices!$A:$A,0)),"") -> 183.99 | C10: =IFERROR(INDEX(Fuel_Prices!$C:$C,MATCH($A10,Fuel_Prices!$A:$A,0)),"") -> 185.55 | D10: =IFERROR(INDEX(Fuel_Prices!$D:$D,MATCH($A10,Fuel_Prices!$A:$A,0)),"") -> 183.43 | E10: =IFERROR(INDEX(Fuel_Prices!$E:$E,MATCH($A10,Fuel_Prices!$A:$A,0)),"") -> 183.82 | F10: =IFERROR(INDEX(Fuel_Prices!$F:$F,MATCH($A10,Fuel_Prices!$A:$A,0)),"") -> 167.33 | G10: =IF(AND(A10>=Inputs!$B$28,A10<=Inputs!$B$29),1,0) -> 0 | H10: =Flow_Group_Month!AA10 -> 0.077192216 | I10: =Flow_Group_Month!AG10 -> 0.11262366
A11: =Flow_Group_Month!A11 -> 45108 | B11: =IFERROR(INDEX(Fuel_Prices!$B:$B,MATCH($A11,Fuel_Prices!$A:$A,0)),"") -> 184.66 | C11: =IFERROR(INDEX(Fuel_Prices!$C:$C,MATCH($A11,Fuel_Prices!$A:$A,0)),"") -> 185.54 | D11: =IFERROR(INDEX(Fuel_Prices!$D:$D,MATCH($A11,Fuel_Prices!$A:$A,0)),"") -> 182.62 | E11: =IFERROR(INDEX(Fuel_Prices!$E:$E,MATCH($A11,Fuel_Prices!$A:$A,0)),"") -> 183.34 | F11: =IFERROR(INDEX(Fuel_Prices!$F:$F,MATCH($A11,Fuel_Prices!$A:$A,0)),"") -> 169.17 | G11: =IF(AND(A11>=Inputs!$B$28,A11<=Inputs!$B$29),1,0) -> 0 | H11: =Flow_Group_Month!AA11 -> 0.080654245 | I11: =Flow_Group_Month!AG11 -> 0.077892885
A12: =Flow_Group_Month!A12 -> 45139 | B12: =IFERROR(INDEX(Fuel_Prices!$B:$B,MATCH($A12,Fuel_Prices!$A:$A,0)),"") -> 198.73 | C12: =IFERROR(INDEX(Fuel_Prices!$C:$C,MATCH($A12,Fuel_Prices!$A:$A,0)),"") -> 207.13 | D12: =IFERROR(INDEX(Fuel_Prices!$D:$D,MATCH($A12,Fuel_Prices!$A:$A,0)),"") -> 199.16 | E12: =IFERROR(INDEX(Fuel_Prices!$E:$E,MATCH($A12,Fuel_Prices!$A:$A,0)),"") -> 209.09 | F12: =IFERROR(INDEX(Fuel_Prices!$F:$F,MATCH($A12,Fuel_Prices!$A:$A,0)),"") -> 185.75 | G12: =IF(AND(A12>=Inputs!$B$28,A12<=Inputs!$B$29),1,0) -> 0 | H12: =Flow_Group_Month!AA12 -> 0.064193628 | I12: =Flow_Group_Month!AG12 -> 0.14211618
A13: =Flow_Group_Month!A13 -> 45170 | B13: =IFERROR(INDEX(Fuel_Prices!$B:$B,MATCH($A13,Fuel_Prices!$A:$A,0)),"") -> 207.28 | C13: =IFERROR(INDEX(Fuel_Prices!$C:$C,MATCH($A13,Fuel_Prices!$A:$A,0)),"") -> 218.69 | D13: =IFERROR(INDEX(Fuel_Prices!$D:$D,MATCH($A13,Fuel_Prices!$A:$A,0)),"") -> 205.61 | E13: =IFERROR(INDEX(Fuel_Prices!$E:$E,MATCH($A13,Fuel_Prices!$A:$A,0)),"") -> 219.72 | F13: =IFERROR(INDEX(Fuel_Prices!$F:$F,MATCH($A13,Fuel_Prices!$A:$A,0)),"") -> 192.49 | G13: =IF(AND(A13>=Inputs!$B$28,A13<=Inputs!$B$29),1,0) -> 0 | H13: =Flow_Group_Month!AA13 -> 0.092629466 | I13: =Flow_Group_Month!AG13 -> 0.11346644
A14: =Flow_Group_Month!A14 -> 45200 | B14: =IFERROR(INDEX(Fuel_Prices!$B:$B,MATCH($A14,Fuel_Prices!$A:$A,0)),"") -> 203.45 | C14: =IFERROR(INDEX(Fuel_Prices!$C:$C,MATCH($A14,Fuel_Prices!$A:$A,0)),"") -> 222.52 | D14: =IFERROR(INDEX(Fuel_Prices!$D:$D,MATCH($A14,Fuel_Prices!$A:$A,0)),"") -> 206.54 | E14: =IFERROR(INDEX(Fuel_Prices!$E:$E,MATCH($A14,Fuel_Prices!$A:$A,0)),"") -> 222.61 | F14: =IFERROR(INDEX(Fuel_Prices!$F:$F,MATCH($A14,Fuel_Prices!$A:$A,0)),"") -> 182.07 | G14: =IF(AND(A14>=Inputs!$B$28,A14<=Inputs!$B$29),1,0) -> 0 | H14: =Flow_Group_Month!AA14 -> 0.065857544 | I14: =Flow_Group_Month!AG14 -> 0.079669297
A15: =Flow_Group_Month!A15 -> 45231 | B15: =IFERROR(INDEX(Fuel_Prices!$B:$B,MATCH($A15,Fuel_Prices!$A:$A,0)),"") -> 200.08 | C15: =IFERROR(INDEX(Fuel_Prices!$C:$C,MATCH($A15,Fuel_Prices!$A:$A,0)),"") -> 214.2 | D15: =IFERROR(INDEX(Fuel_Prices!$D:$D,MATCH($A15,Fuel_Prices!$A:$A,0)),"") -> 196.65 | E15: =IFERROR(INDEX(Fuel_Prices!$E:$E,MATCH($A15,Fuel_Prices!$A:$A,0)),"") -> 213.67 | F15: =IFERROR(INDEX(Fuel_Prices!$F:$F,MATCH($A15,Fuel_Prices!$A:$A,0)),"") -> 177.5 | G15: =IF(AND(A15>=Inputs!$B$28,A15<=Inputs!$B$29),1,0) -> 0 | H15: =Flow_Group_Month!AA15 -> 0.092011711 | I15: =Flow_Group_Month!AG15 -> 0.14188138
A16: =Flow_Group_Month!A16 -> 45261 | B16: =IFERROR(INDEX(Fuel_Prices!$B:$B,MATCH($A16,Fuel_Prices!$A:$A,0)),"") -> 190.94 | C16: =IFERROR(INDEX(Fuel_Prices!$C:$C,MATCH($A16,Fuel_Prices!$A:$A,0)),"") -> 201.16 | D16: =IFERROR(INDEX(Fuel_Prices!$D:$D,MATCH($A16,Fuel_Prices!$A:$A,0)),"") -> 185.85 | E16: =IFERROR(INDEX(Fuel_Prices!$E:$E,MATCH($A16,Fuel_Prices!$A:$A,0)),"") -> 199.18 | F16: =IFERROR(INDEX(Fuel_Prices!$F:$F,MATCH($A16,Fuel_Prices!$A:$A,0)),"") -> 167.88 | G16: =IF(AND(A16>=Inputs!$B$28,A16<=Inputs!$B$29),1,0) -> 0 | H16: =Flow_Group_Month!AA16 -> 0.082733888 | I16: =Flow_Group_Month!AG16 -> 0.10852218
... A48: =Flow_Group_Month!A48 -> 46235 | B48: =IFERROR(INDEX(Fuel_Prices!$B:$B,MATCH($A48,Fuel_Prices!$A:$A,0)),"") -> 203.92 | C48: =IFERROR(INDEX(Fuel_Prices!$C:$C,MATCH($A48,Fuel_Prices!$A:$A,0)),"") -> 248.38 | D48: =IFERROR(INDEX(Fuel_Prices!$D:$D,MATCH($A48,Fuel_Prices!$A:$A,0)),"") -> 206.48 | E48: =IFERROR(INDEX(Fuel_Prices!$E:$E,MATCH($A48,Fuel_Prices!$A:$A,0)),"") -> 250.47 | F48: =IFERROR(INDEX(Fuel_Prices!$F:$F,MATCH($A48,Fuel_Prices!$A:$A,0)),"") -> 195.92 | G48: =IF(AND(A48>=Inputs!$B$28,A48<=Inputs!$B$29),1,0) -> 1 | H48: =Flow_Group_Month!AA48 -> 0.25882262 | I48: =Flow_Group_Month!AG48 -> 0.32715469
A51: New private registrations by income group — crisis months vs same months a year earlier vs pre-crisis months
A52: State | B52: Income group | C52: New regos (crisis) | D52: BEV (crisis) | E52: BEV share (crisis) | F52: New regos (year earlier) | G52: BEV (year earlier) | H52: BEV share (year earlier) | I52: Change vs year earlier (pp) | J52: BEV share multiple (× year earlier) | K52: Extra BEVs vs year earlier | L52: Share of the extra BEVs | M52: Share of crisis new regos | N52: Non-BEV new regos, change vs year earlier
A53: NSW | B53: Q1 (lowest) | C53: =SUMIFS(Flow_LGA_Month!$N:$N,Flow_LGA_Month!$A:$A,"NSW",Flow_LGA_Month!$D:$D,1,Flow_LGA_Month!$C:$C,">="&Inputs!$B$28,Flow_LGA_Month!$C:$C,"<="&Inputs!$B$29) -> 28662.463 | D53: =SUMIFS(Flow_LGA_Month!$K:$K,Flow_LGA_Month!$A:$A,"NSW",Flow_LGA_Month!$D:$D,1,Flow_LGA_Month!$C:$C,">="&Inputs!$B$28,Flow_LGA_Month!$C:$C,"<="&Inputs!$B$29) -> 4567.65 | E53: =D53/C53 -> 0.15936 | F53: =SUMIFS(Flow_LGA_Month!$N:$N,Flow_LGA_Month!$A:$A,"NSW",Flow_LGA_Month!$D:$D,1,Flow_LGA_Month!$C:$C,">="&Inputs!$B$30,Flow_LGA_Month!$C:$C,"<="&Inputs!$B$31) -> 27361.431 | G53: =SUMIFS(Flow_LGA_Month!$K:$K,Flow_LGA_Month!$A:$A,"NSW",Flow_LGA_Month!$D:$D,1,Flow_LGA_Month!$C:$C,">="&Inputs!$B$30,Flow_LGA_Month!$C:$C,"<="&Inputs!$B$31) -> 1449.675 | H53: =G53/F53 -> 0.052982426 | I53: =(E53-H53)*100 -> 10.637757 | J53: =E53/H53 -> 3.0077897 | K53: =D53-G53 -> 3117.975 | L53: =K53/K$58 -> 0.16719844 | M53: =C53/C$58 -> 0.19268082 | N53: =(C53-D53)/(F53-G53)-1 -> -0.070120412
A54: NSW | B54: Q2 | C54: =SUMIFS(Flow_LGA_Month!$N:$N,Flow_LGA_Month!$A:$A,"NSW",Flow_LGA_Month!$D:$D,2,Flow_LGA_Month!$C:$C,">="&Inputs!$B$28,Flow_LGA_Month!$C:$C,"<="&Inputs!$B$29) -> 29814.036 | D54: =SUMIFS(Flow_LGA_Month!$K:$K,Flow_LGA_Month!$A:$A,"NSW",Flow_LGA_Month!$D:$D,2,Flow_LGA_Month!$C:$C,">="&Inputs!$B$28,Flow_LGA_Month!$C:$C,"<="&Inputs!$B$29) -> 4958.15 | E54: =D54/C54 -> 0.16630254 | F54: =SUMIFS(Flow_LGA_Month!$N:$N,Flow_LGA_Month!$A:$A,"NSW",Flow_LGA_Month!$D:$D,2,Flow_LGA_Month!$C:$C,">="&Inputs!$B$30,Flow_LGA_Month!$C:$C,"<="&Inputs!$B$31) -> 28988.48 | G54: =SUMIFS(Flow_LGA_Month!$K:$K,Flow_LGA_Month!$A:$A,"NSW",Flow_LGA_Month!$D:$D,2,Flow_LGA_Month!$C:$C,">="&Inputs!$B$30,Flow_LGA_Month!$C:$C,"<="&Inputs!$B$31) -> 1867.875 | H54: =G54/F54 -> 0.064435079 | I54: =(E54-H54)*100 -> 10.186746 | J54: =E54/H54 -> 2.5809318 | K54: =D54-G54 -> 3090.275 | L54: =K54/K$58 -> 0.16571305 | M54: =C54/C$58 -> 0.20042217 | N54: =(C54-D54)/(F54-G54)-1 -> -0.083505475
A55: NSW | B55: Q3 | C55: =SUMIFS(Flow_LGA_Month!$N:$N,Flow_LGA_Month!$A:$A,"NSW",Flow_LGA_Month!$D:$D,3,Flow_LGA_Month!$C:$C,">="&Inputs!$B$28,Flow_LGA_Month!$C:$C,"<="&Inputs!$B$29) -> 33771.175 | D55: =SUMIFS(Flow_LGA_Month!$K:$K,Flow_LGA_Month!$A:$A,"NSW",Flow_LGA_Month!$D:$D,3,Flow_LGA_Month!$C:$C,">="&Inputs!$B$28,Flow_LGA_Month!$C:$C,"<="&Inputs!$B$29) -> 6742.825 | E55: =D55/C55 -> 0.19966214 | F55: =SUMIFS(Flow_LGA_Month!$N:$N,Flow_LGA_Month!$A:$A,"NSW",Flow_LGA_Month!$D:$D,3,Flow_LGA_Month!$C:$C,">="&Inputs!$B$30,Flow_LGA_Month!$C:$C,"<="&Inputs!$B$31) -> 32135.28 | G55: =SUMIFS(Flow_LGA_Month!$K:$K,Flow_LGA_Month!$A:$A,"NSW",Flow_LGA_Month!$D:$D,3,Flow_LGA_Month!$C:$C,">="&Inputs!$B$30,Flow_LGA_Month!$C:$C,"<="&Inputs!$B$31) -> 2620.75 | H55: =G55/F55 -> 0.081553669 | I55: =(E55-H55)*100 -> 11.810847 | J55: =E55/H55 -> 2.44823 | K55: =D55-G55 -> 4122.075 | L55: =K55/K$58 -> 0.22104234 | M55: =C55/C$58 -> 0.22702368 | N55: =(C55-D55)/(F55-G55)-1 -> -0.084235798
A56: NSW | B56: Q4 | C56: =SUMIFS(Flow_LGA_Month!$N:$N,Flow_LGA_Month!$A:$A,"NSW",Flow_LGA_Month!$D:$D,4,Flow_LGA_Month!$C:$C,">="&Inputs!$B$28,Flow_LGA_Month!$C:$C,"<="&Inputs!$B$29) -> 28913.859 | D56: =SUMIFS(Flow_LGA_Month!$K:$K,Flow_LGA_Month!$A:$A,"NSW",Flow_LGA_Month!$D:$D,4,Flow_LGA_Month!$C:$C,">="&Inputs!$B$28,Flow_LGA_Month!$C:$C,"<="&Inputs!$B$29) -> 7209.8 | E56: =D56/C56 -> 0.24935447 | F56: =SUMIFS(Flow_LGA_Month!$N:$N,Flow_LGA_Month!$A:$A,"NSW",Flow_LGA_Month!$D:$D,4,Flow_LGA_Month!$C:$C,">="&Inputs!$B$30,Flow_LGA_Month!$C:$C,"<="&Inputs!$B$31) -> 27412.112 | G56: =SUMIFS(Flow_LGA_Month!$K:$K,Flow_LGA_Month!$A:$A,"NSW",Flow_LGA_Month!$D:$D,4,Flow_LGA_Month!$C:$C,">="&Inputs!$B$30,Flow_LGA_Month!$C:$C,"<="&Inputs!$B$31) -> 3319.325 | H56: =G56/F56 -> 0.12108972 | I56: =(E56-H56)*100 -> 12.826475 | J56: =E56/H56 -> 2.0592538 | K56: =D56-G56 -> 3890.475 | L56: =K56/K$58 -> 0.20862301 | M56: =C56/C$58 -> 0.19437081 | N56: =(C56-D56)/(F56-G56)-1 -> -0.099147019
A57: NSW | B57: Q5 (highest) | C57: =SUMIFS(Flow_LGA_Month!$N:$N,Flow_LGA_Month!$A:$A,"NSW",Flow_LGA_Month!$D:$D,5,Flow_LGA_Month!$C:$C,">="&Inputs!$B$28,Flow_LGA_Month!$C:$C,"<="&Inputs!$B$29) -> 27594.647 | D57: =SUMIFS(Flow_LGA_Month!$K:$K,Flow_LGA_Month!$A:$A,"NSW",Flow_LGA_Month!$D:$D,5,Flow_LGA_Month!$C:$C,">="&Inputs!$B$28,Flow_LGA_Month!$C:$C,"<="&Inputs!$B$29) -> 8641.925 | E57: =D57/C57 -> 0.31317396 | F57: =SUMIFS(Flow_LGA_Month!$N:$N,Flow_LGA_Month!$A:$A,"NSW",Flow_LGA_Month!$D:$D,5,Flow_LGA_Month!$C:$C,">="&Inputs!$B$30,Flow_LGA_Month!$C:$C,"<="&Inputs!$B$31) -> 26834.779 | G57: =SUMIFS(Flow_LGA_Month!$K:$K,Flow_LGA_Month!$A:$A,"NSW",Flow_LGA_Month!$D:$D,5,Flow_LGA_Month!$C:$C,">="&Inputs!$B$30,Flow_LGA_Month!$C:$C,"<="&Inputs!$B$31) -> 4214.375 | H57: =G57/F57 -> 0.15704899 | I57: =(E57-H57)*100 -> 15.612497 | J57: =E57/H57 -> 1.9941164 | K57: =D57-G57 -> 4427.55 | L57: =K57/K$58 -> 0.23742315 | M57: =C57/C$58 -> 0.18550253 | N57: =(C57-D57)/(F57-G57)-1 -> -0.16214043
A58: NSW | B58: All | C58: =SUMIFS(Flow_LGA_Month!$N:$N,Flow_LGA_Month!$A:$A,"NSW",Flow_LGA_Month!$C:$C,">="&Inputs!$B$28,Flow_LGA_Month!$C:$C,"<="&Inputs!$B$29) -> 148756.18 | D58: =SUMIFS(Flow_LGA_Month!$K:$K,Flow_LGA_Month!$A:$A,"NSW",Flow_LGA_Month!$C:$C,">="&Inputs!$B$28,Flow_LGA_Month!$C:$C,"<="&Inputs!$B$29) -> 32120.35 | E58: =D58/C58 -> 0.21592616 | F58: =SUMIFS(Flow_LGA_Month!$N:$N,Flow_LGA_Month!$A:$A,"NSW",Flow_LGA_Month!$C:$C,">="&Inputs!$B$30,Flow_LGA_Month!$C:$C,"<="&Inputs!$B$31) -> 142732.08 | G58: =SUMIFS(Flow_LGA_Month!$K:$K,Flow_LGA_Month!$A:$A,"NSW",Flow_LGA_Month!$C:$C,">="&Inputs!$B$30,Flow_LGA_Month!$C:$C,"<="&Inputs!$B$31) -> 13472 | H58: =G58/F58 -> 0.094386629 | I58: =(E58-H58)*100 -> 12.153953 | J58: =E58/H58 -> 2.2876774 | K58: =D58-G58 -> 18648.35 | L58: =K58/K$58 -> 1 | M58: =C58/C$58 -> 1 | N58: =(C58-D58)/(F58-G58)-1 -> -0.097665511
A59: NSW | B59: Top ÷ bottom group | E59: =E57/E53 -> 1.9651981 | H59: =H57/H53 -> 2.9641714 | I59: =I57-I53 -> 4.9747402 | J59: =J57/J53 -> 0.66298397
A61: QLD | B61: Q1 (lowest) | C61: =SUMIFS(Flow_LGA_Month!$N:$N,Flow_LGA_Month!$A:$A,"QLD",Flow_LGA_Month!$D:$D,1,Flow_LGA_Month!$C:$C,">="&Inputs!$B$28,Flow_LGA_Month!$C:$C,"<="&Inputs!$B$29) -> 13321 | D61: =SUMIFS(Flow_LGA_Month!$K:$K,Flow_LGA_Month!$A:$A,"QLD",Flow_LGA_Month!$D:$D,1,Flow_LGA_Month!$C:$C,">="&Inputs!$B$28,Flow_LGA_Month!$C:$C,"<="&Inputs!$B$29) -> 2959 | E61: =D61/C61 -> 0.22213047 | F61: =SUMIFS(Flow_LGA_Month!$N:$N,Flow_LGA_Month!$A:$A,"QLD",Flow_LGA_Month!$D:$D,1,Flow_LGA_Month!$C:$C,">="&Inputs!$B$30,Flow_LGA_Month!$C:$C,"<="&Inputs!$B$31) -> 12408 | G61: =SUMIFS(Flow_LGA_Month!$K:$K,Flow_LGA_Month!$A:$A,"QLD",Flow_LGA_Month!$D:$D,1,Flow_LGA_Month!$C:$C,">="&Inputs!$B$30,Flow_LGA_Month!$C:$C,"<="&Inputs!$B$31) -> 852 | H61: =G61/F61 -> 0.068665377 | I61: =(E61-H61)*100 -> 15.346509 | J61: =E61/H61 -> 3.2349705 | K61: =D61-G61 -> 2107 | L61: =K61/K$66 -> 0.16301741 | M61: =C61/C$66 -> 0.18519394 | N61: =(C61-D61)/(F61-G61)-1 -> -0.10332295
A62: QLD | B62: Q2 | C62: =SUMIFS(Flow_LGA_Month!$N:$N,Flow_LGA_Month!$A:$A,"QLD",Flow_LGA_Month!$D:$D,2,Flow_LGA_Month!$C:$C,">="&Inputs!$B$28,Flow_LGA_Month!$C:$C,"<="&Inputs!$B$29) -> 14403 | D62: =SUMIFS(Flow_LGA_Month!$K:$K,Flow_LGA_Month!$A:$A,"QLD",Flow_LGA_Month!$D:$D,2,Flow_LGA_Month!$C:$C,">="&Inputs!$B$28,Flow_LGA_Month!$C:$C,"<="&Inputs!$B$29) -> 3965 | E62: =D62/C62 -> 0.27528987 | F62: =SUMIFS(Flow_LGA_Month!$N:$N,Flow_LGA_Month!$A:$A,"QLD",Flow_LGA_Month!$D:$D,2,Flow_LGA_Month!$C:$C,">="&Inputs!$B$30,Flow_LGA_Month!$C:$C,"<="&Inputs!$B$31) -> 13150 | G62: =SUMIFS(Flow_LGA_Month!$K:$K,Flow_LGA_Month!$A:$A,"QLD",Flow_LGA_Month!$D:$D,2,Flow_LGA_Month!$C:$C,">="&Inputs!$B$30,Flow_LGA_Month!$C:$C,"<="&Inputs!$B$31) -> 1464 | H62: =G62/F62 -> 0.1113308 | I62: =(E62-H62)*100 -> 16.395907 | J62: =E62/H62 -> 2.4727198 | K62: =D62-G62 -> 2501 | L62: =K62/K$66 -> 0.19350097 | M62: =C62/C$66 -> 0.20023634 | N62: =(C62-D62)/(F62-G62)-1 -> -0.10679445
A63: QLD | B63: Q3 | C63: =SUMIFS(Flow_LGA_Month!$N:$N,Flow_LGA_Month!$A:$A,"QLD",Flow_LGA_Month!$D:$D,3,Flow_LGA_Month!$C:$C,">="&Inputs!$B$28,Flow_LGA_Month!$C:$C,"<="&Inputs!$B$29) -> 15903 | D63: =SUMIFS(Flow_LGA_Month!$K:$K,Flow_LGA_Month!$A:$A,"QLD",Flow_LGA_Month!$D:$D,3,Flow_LGA_Month!$C:$C,">="&Inputs!$B$28,Flow_LGA_Month!$C:$C,"<="&Inputs!$B$29) -> 4221 | E63: =D63/C63 -> 0.26542162 | F63: =SUMIFS(Flow_LGA_Month!$N:$N,Flow_LGA_Month!$A:$A,"QLD",Flow_LGA_Month!$D:$D,3,Flow_LGA_Month!$C:$C,">="&Inputs!$B$30,Flow_LGA_Month!$C:$C,"<="&Inputs!$B$31) -> 14504 | G63: =SUMIFS(Flow_LGA_Month!$K:$K,Flow_LGA_Month!$A:$A,"QLD",Flow_LGA_Month!$D:$D,3,Flow_LGA_Month!$C:$C,">="&Inputs!$B$30,Flow_LGA_Month!$C:$C,"<="&Inputs!$B$31) -> 1439 | H63: =G63/F63 -> 0.09921401 | I63: =(E63-H63)*100 -> 16.620761 | J63: =E63/H63 -> 2.6752433 | K63: =D63-G63 -> 2782 | L63: =K63/K$66 -> 0.21524178 | M63: =C63/C$66 -> 0.22108995 | N63: =(C63-D63)/(F63-G63)-1 -> -0.10585534
A64: QLD | B64: Q4 | C64: =SUMIFS(Flow_LGA_Month!$N:$N,Flow_LGA_Month!$A:$A,"QLD",Flow_LGA_Month!$D:$D,4,Flow_LGA_Month!$C:$C,">="&Inputs!$B$28,Flow_LGA_Month!$C:$C,"<="&Inputs!$B$29) -> 6908 | D64: =SUMIFS(Flow_LGA_Month!$K:$K,Flow_LGA_Month!$A:$A,"QLD",Flow_LGA_Month!$D:$D,4,Flow_LGA_Month!$C:$C,">="&Inputs!$B$28,Flow_LGA_Month!$C:$C,"<="&Inputs!$B$29) -> 1415 | E64: =D64/C64 -> 0.20483497 | F64: =SUMIFS(Flow_LGA_Month!$N:$N,Flow_LGA_Month!$A:$A,"QLD",Flow_LGA_Month!$D:$D,4,Flow_LGA_Month!$C:$C,">="&Inputs!$B$30,Flow_LGA_Month!$C:$C,"<="&Inputs!$B$31) -> 6630 | G64: =SUMIFS(Flow_LGA_Month!$K:$K,Flow_LGA_Month!$A:$A,"QLD",Flow_LGA_Month!$D:$D,4,Flow_LGA_Month!$C:$C,">="&Inputs!$B$30,Flow_LGA_Month!$C:$C,"<="&Inputs!$B$31) -> 473 | H64: =G64/F64 -> 0.071342383 | I64: =(E64-H64)*100 -> 13.349259 | J64: =E64/H64 -> 2.8711541 | K64: =D64-G64 -> 942 | L64: =K64/K$66 -> 0.072882012 | M64: =C64/C$66 -> 0.096037815 | N64: =(C64-D64)/(F64-G64)-1 -> -0.10784473
A65: QLD | B65: Q5 (highest) | C65: =SUMIFS(Flow_LGA_Month!$N:$N,Flow_LGA_Month!$A:$A,"QLD",Flow_LGA_Month!$D:$D,5,Flow_LGA_Month!$C:$C,">="&Inputs!$B$28,Flow_LGA_Month!$C:$C,"<="&Inputs!$B$29) -> 21395 | D65: =SUMIFS(Flow_LGA_Month!$K:$K,Flow_LGA_Month!$A:$A,"QLD",Flow_LGA_Month!$D:$D,5,Flow_LGA_Month!$C:$C,">="&Inputs!$B$28,Flow_LGA_Month!$C:$C,"<="&Inputs!$B$29) -> 7820 | E65: =D65/C65 -> 0.36550596 | F65: =SUMIFS(Flow_LGA_Month!$N:$N,Flow_LGA_Month!$A:$A,"QLD",Flow_LGA_Month!$D:$D,5,Flow_LGA_Month!$C:$C,">="&Inputs!$B$30,Flow_LGA_Month!$C:$C,"<="&Inputs!$B$31) -> 19152 | G65: =SUMIFS(Flow_LGA_Month!$K:$K,Flow_LGA_Month!$A:$A,"QLD",Flow_LGA_Month!$D:$D,5,Flow_LGA_Month!$C:$C,">="&Inputs!$B$30,Flow_LGA_Month!$C:$C,"<="&Inputs!$B$31) -> 3227 | H65: =G65/F65 -> 0.16849415 | I65: =(E65-H65)*100 -> 19.701181 | J65: =E65/H65 -> 2.1692501 | K65: =D65-G65 -> 4593 | L65: =K65/K$66 -> 0.35535783 | M65: =C65/C$66 -> 0.29744196 | N65: =(C65-D65)/(F65-G65)-1 -> -0.14756672
A66: QLD | B66: All | C66: =SUMIFS(Flow_LGA_Month!$N:$N,Flow_LGA_Month!$A:$A,"QLD",Flow_LGA_Month!$C:$C,">="&Inputs!$B$28,Flow_LGA_Month!$C:$C,"<="&Inputs!$B$29) -> 71930 | D66: =SUMIFS(Flow_LGA_Month!$K:$K,Flow_LGA_Month!$A:$A,"QLD",Flow_LGA_Month!$C:$C,">="&Inputs!$B$28,Flow_LGA_Month!$C:$C,"<="&Inputs!$B$29) -> 20380 | E66: =D66/C66 -> 0.28333102 | F66: =SUMIFS(Flow_LGA_Month!$N:$N,Flow_LGA_Month!$A:$A,"QLD",Flow_LGA_Month!$C:$C,">="&Inputs!$B$30,Flow_LGA_Month!$C:$C,"<="&Inputs!$B$31) -> 65844 | G66: =SUMIFS(Flow_LGA_Month!$K:$K,Flow_LGA_Month!$A:$A,"QLD",Flow_LGA_Month!$C:$C,">="&Inputs!$B$30,Flow_LGA_Month!$C:$C,"<="&Inputs!$B$31) -> 7455 | H66: =G66/F66 -> 0.11322216 | I66: =(E66-H66)*100 -> 17.010885 | J66: =E66/H66 -> 2.5024343 | K66: =D66-G66 -> 12925 | L66: =K66/K$66 -> 1 | M66: =C66/C$66 -> 1 | N66: =(C66-D66)/(F66-G66)-1 -> -0.11712823
A67: QLD | B67: Top ÷ bottom group | E67: =E65/E61 -> 1.6454562 | H67: =H65/H61 -> 2.4538444 | I67: =I65-I61 -> 4.3546714 | J67: =J65/J61 -> 0.67056256
A70: VIC — BEVs added to the fleet in the latest quarter vs the same quarter a year earlier (VIC has no monthly regional series; the latest quarter falls inside the crisis)
A71: State | B71: Income group | C71: BEV fleet latest quarter | D71: BEV fleet quarter before | E71: Added (latest quarter) | F71: BEV fleet same quarter a year earlier | G71: BEV fleet quarter before that | H71: Added (year earlier) | I71: Multiple (× year earlier) | J71: Vehicles (latest) | K71: Added per 1,000 vehicles (latest quarter) | L71: Added per 1,000 vehicles (year earlier) | M71: Share of added BEVs (latest quarter)
A72: VIC | B72: Q1 (lowest) | C72: =SUMIFS(VIC_Postcode_Qtr!$E:$E,VIC_Postcode_Qtr!$B:$B,Inputs!$B$24,VIC_Postcode_Qtr!$C:$C,1) -> 23022 | D72: =SUMIFS(VIC_Postcode_Qtr!$E:$E,VIC_Postcode_Qtr!$B:$B,EDATE(Inputs!$B$24,-3),VIC_Postcode_Qtr!$C:$C,1) -> 19237 | E72: =C72-D72 -> 3785 | F72: =SUMIFS(VIC_Postcode_Qtr!$E:$E,VIC_Postcode_Qtr!$B:$B,EDATE(Inputs!$B$24,-12),VIC_Postcode_Qtr!$C:$C,1) -> 15005 | G72: =SUMIFS(VIC_Postcode_Qtr!$E:$E,VIC_Postcode_Qtr!$B:$B,EDATE(Inputs!$B$24,-15),VIC_Postcode_Qtr!$C:$C,1) -> 13529 | H72: =F72-G72 -> 1476 | I72: =E72/H72 -> 2.5643631 | J72: =SUMIFS(VIC_Postcode_Qtr!$D:$D,VIC_Postcode_Qtr!$B:$B,Inputs!$B$24,VIC_Postcode_Qtr!$C:$C,1) -> 1369113 | K72: =E72/J72*1000 -> 2.7645636 | L72: =H72/(SUMIFS(VIC_Postcode_Qtr!$D:$D,VIC_Postcode_Qtr!$B:$B,EDATE(Inputs!$B$24,-12),VIC_Postcode_Qtr!$C:$C,1))*1000 -> 1.0939654 | M72: =E72/E$77 -> 0.17729168
A73: VIC | B73: Q2 | C73: =SUMIFS(VIC_Postcode_Qtr!$E:$E,VIC_Postcode_Qtr!$B:$B,Inputs!$B$24,VIC_Postcode_Qtr!$C:$C,2) -> 22092 | D73: =SUMIFS(VIC_Postcode_Qtr!$E:$E,VIC_Postcode_Qtr!$B:$B,EDATE(Inputs!$B$24,-3),VIC_Postcode_Qtr!$C:$C,2) -> 18402 | E73: =C73-D73 -> 3690 | F73: =SUMIFS(VIC_Postcode_Qtr!$E:$E,VIC_Postcode_Qtr!$B:$B,EDATE(Inputs!$B$24,-12),VIC_Postcode_Qtr!$C:$C,2) -> 12665 | G73: =SUMIFS(VIC_Postcode_Qtr!$E:$E,VIC_Postcode_Qtr!$B:$B,EDATE(Inputs!$B$24,-15),VIC_Postcode_Qtr!$C:$C,2) -> 11246 | H73: =F73-G73 -> 1419 | I73: =E73/H73 -> 2.6004228 | J73: =SUMIFS(VIC_Postcode_Qtr!$D:$D,VIC_Postcode_Qtr!$B:$B,Inputs!$B$24,VIC_Postcode_Qtr!$C:$C,2) -> 1226094 | K73: =E73/J73*1000 -> 3.0095572 | L73: =H73/(SUMIFS(VIC_Postcode_Qtr!$D:$D,VIC_Postcode_Qtr!$B:$B,EDATE(Inputs!$B$24,-12),VIC_Postcode_Qtr!$C:$C,2))*1000 -> 1.1845354 | M73: =E73/E$77 -> 0.17284182
A74: VIC | B74: Q3 | C74: =SUMIFS(VIC_Postcode_Qtr!$E:$E,VIC_Postcode_Qtr!$B:$B,Inputs!$B$24,VIC_Postcode_Qtr!$C:$C,3) -> 25104 | D74: =SUMIFS(VIC_Postcode_Qtr!$E:$E,VIC_Postcode_Qtr!$B:$B,EDATE(Inputs!$B$24,-3),VIC_Postcode_Qtr!$C:$C,3) -> 20864 | E74: =C74-D74 -> 4240 | F74: =SUMIFS(VIC_Postcode_Qtr!$E:$E,VIC_Postcode_Qtr!$B:$B,EDATE(Inputs!$B$24,-12),VIC_Postcode_Qtr!$C:$C,3) -> 15629 | G74: =SUMIFS(VIC_Postcode_Qtr!$E:$E,VIC_Postcode_Qtr!$B:$B,EDATE(Inputs!$B$24,-15),VIC_Postcode_Qtr!$C:$C,3) -> 13995 | H74: =F74-G74 -> 1634 | I74: =E74/H74 -> 2.5948592 | J74: =SUMIFS(VIC_Postcode_Qtr!$D:$D,VIC_Postcode_Qtr!$B:$B,Inputs!$B$24,VIC_Postcode_Qtr!$C:$C,3) -> 1145299 | K74: =E74/J74*1000 -> 3.70209 | L74: =H74/(SUMIFS(VIC_Postcode_Qtr!$D:$D,VIC_Postcode_Qtr!$B:$B,EDATE(Inputs!$B$24,-12),VIC_Postcode_Qtr!$C:$C,3))*1000 -> 1.4505362 | M74: =E74/E$77 -> 0.19860415
A75: VIC | B75: Q4 | C75: =SUMIFS(VIC_Postcode_Qtr!$E:$E,VIC_Postcode_Qtr!$B:$B,Inputs!$B$24,VIC_Postcode_Qtr!$C:$C,4) -> 28842 | D75: =SUMIFS(VIC_Postcode_Qtr!$E:$E,VIC_Postcode_Qtr!$B:$B,EDATE(Inputs!$B$24,-3),VIC_Postcode_Qtr!$C:$C,4) -> 23832 | E75: =C75-D75 -> 5010 | F75: =SUMIFS(VIC_Postcode_Qtr!$E:$E,VIC_Postcode_Qtr!$B:$B,EDATE(Inputs!$B$24,-12),VIC_Postcode_Qtr!$C:$C,4) -> 17203 | G75: =SUMIFS(VIC_Postcode_Qtr!$E:$E,VIC_Postcode_Qtr!$B:$B,EDATE(Inputs!$B$24,-15),VIC_Postcode_Qtr!$C:$C,4) -> 15197 | H75: =F75-G75 -> 2006 | I75: =E75/H75 -> 2.4975075 | J75: =SUMIFS(VIC_Postcode_Qtr!$D:$D,VIC_Postcode_Qtr!$B:$B,Inputs!$B$24,VIC_Postcode_Qtr!$C:$C,4) -> 1060036 | K75: =E75/J75*1000 -> 4.7262546 | L75: =H75/(SUMIFS(VIC_Postcode_Qtr!$D:$D,VIC_Postcode_Qtr!$B:$B,EDATE(Inputs!$B$24,-12),VIC_Postcode_Qtr!$C:$C,4))*1000 -> 1.9323448 | M75: =E75/E$77 -> 0.23467141
A76: VIC | B76: Q5 (highest) | C76: =SUMIFS(VIC_Postcode_Qtr!$E:$E,VIC_Postcode_Qtr!$B:$B,Inputs!$B$24,VIC_Postcode_Qtr!$C:$C,5) -> 35965 | D76: =SUMIFS(VIC_Postcode_Qtr!$E:$E,VIC_Postcode_Qtr!$B:$B,EDATE(Inputs!$B$24,-3),VIC_Postcode_Qtr!$C:$C,5) -> 31341 | E76: =C76-D76 -> 4624 | F76: =SUMIFS(VIC_Postcode_Qtr!$E:$E,VIC_Postcode_Qtr!$B:$B,EDATE(Inputs!$B$24,-12),VIC_Postcode_Qtr!$C:$C,5) -> 24303 | G76: =SUMIFS(VIC_Postcode_Qtr!$E:$E,VIC_Postcode_Qtr!$B:$B,EDATE(Inputs!$B$24,-15),VIC_Postcode_Qtr!$C:$C,5) -> 21985 | H76: =F76-G76 -> 2318 | I76: =E76/H76 -> 1.9948231 | J76: =SUMIFS(VIC_Postcode_Qtr!$D:$D,VIC_Postcode_Qtr!$B:$B,Inputs!$B$24,VIC_Postcode_Qtr!$C:$C,5) -> 922239 | K76: =E76/J76*1000 -> 5.0138847 | L76: =H76/(SUMIFS(VIC_Postcode_Qtr!$D:$D,VIC_Postcode_Qtr!$B:$B,EDATE(Inputs!$B$24,-12),VIC_Postcode_Qtr!$C:$C,5))*1000 -> 2.5550245 | M76: =E76/E$77 -> 0.21659094
A77: VIC | B77: All | C77: =SUMIFS(VIC_Postcode_Qtr!$E:$E,VIC_Postcode_Qtr!$B:$B,Inputs!$B$24) -> 135025 | D77: =SUMIFS(VIC_Postcode_Qtr!$E:$E,VIC_Postcode_Qtr!$B:$B,EDATE(Inputs!$B$24,-3)) -> 113676 | E77: =C77-D77 -> 21349 | F77: =SUMIFS(VIC_Postcode_Qtr!$E:$E,VIC_Postcode_Qtr!$B:$B,EDATE(Inputs!$B$24,-12)) -> 84805 | G77: =SUMIFS(VIC_Postcode_Qtr!$E:$E,VIC_Postcode_Qtr!$B:$B,EDATE(Inputs!$B$24,-15)) -> 75952 | H77: =F77-G77 -> 8853 | I77: =E77/H77 -> 2.4114989 | J77: =SUMIFS(VIC_Postcode_Qtr!$D:$D,VIC_Postcode_Qtr!$B:$B,Inputs!$B$24) -> 5722781 | K77: =E77/J77*1000 -> 3.7305289 | L77: =H77/(SUMIFS(VIC_Postcode_Qtr!$D:$D,VIC_Postcode_Qtr!$B:$B,EDATE(Inputs!$B$24,-12)))*1000 -> 1.5755509 | M77: =E77/E$77 -> 1
A78: VIC | B78: Top ÷ bottom group | I78: =I76/I72 -> 0.77790196 | K78: =K76/K72 -> 1.8136261 | L78: =L76/L72 -> 2.3355624

Sheet Inputs
A1: Inputs and assumptions
A2: Blue text on yellow = assumption you can change. Black = formula. Everything else in the workbook recalculates from these.
A4: Item | B4: Value | C4: How it was set
A5: NSW new regos: value of a suppressed '<=5' cell — BEV | B5: 1.275 | C5: QLD unit records re-cut at NSW grain (synthetic gender x age from NSW mix)
A6: NSW new regos: value of a suppressed '<=5' cell — PHEV | B6: 1.275 | C6: Borrowed from flow BEV (QLD has no PHEV label)
A7: NSW new regos: value of a suppressed '<=5' cell — all other fuels | B7: 1.241 | C7: QLD unit records re-cut at NSW grain (synthetic gender x age from NSW mix)
A8: NSW fleet: value of a suppressed '<=5' cell — BEV | B8: 2.08 | C8: NSW BEV fleet growth = new BEV registrations over the same period
A9: NSW fleet: value of a suppressed '<=5' cell — PHEV | B9: 2.08 | C9: Borrowed from stock BEV
A10: NSW fleet: value of a suppressed '<=5' cell — all other fuels | B10: 1.437 | C10: Detailed snapshot total = coarse age-of-vehicles snapshot total
A11: Recent window length (months) | B11: 12 | C11: config.yaml period.recent_window_months
A12: Minimum new private regos in window for an LGA to appear on the scatter | B12: 300 | C12: config.yaml analysis.min_new_regs_scatter
A13: Minimum recent-model vehicles for a VIC postcode to appear on the scatter | B13: 300 | C13: config.yaml analysis.min_recent_vehicles_vic
A15: Derived date | B15: Value | C15: Formula
A16: Latest month of new-registration data — NSW | B16: =_xlfn.MAXIFS(Flow_LGA_Month!$C:$C,Flow_LGA_Month!$A:$A,"NSW") -> 46235 | C16: _xlfn.MAXIFS(Flow_LGA_Month!$C:$C,Flow_LGA_Month!$A:$A,"NSW")
A17: Latest month of new-registration data — QLD | B17: =_xlfn.MAXIFS(Flow_LGA_Month!$C:$C,Flow_LGA_Month!$A:$A,"QLD") -> 46235 | C17: _xlfn.MAXIFS(Flow_LGA_Month!$C:$C,Flow_LGA_Month!$A:$A,"QLD")
A18: Recent window start — NSW | B18: =EDATE(B16,-(Inputs!$B$11-1)) -> 45901 | C18: EDATE(B16,-(Inputs!$B$11-1))
A19: Recent window start — QLD | B19: =EDATE(B17,-(Inputs!$B$11-1)) -> 45901 | C19: EDATE(B17,-(Inputs!$B$11-1))
A20: First month of new-registration data — both states | B20: =MIN(Flow_LGA_Month!$C:$C) -> 44927 | C20: MIN(Flow_LGA_Month!$C:$C)
A21: Baseline window end (first window of the same length) | B21: =EDATE(B20,Inputs!$B$11-1) -> 45261 | C21: EDATE(B20,Inputs!$B$11-1)
A22: Latest NSW fleet snapshot | B22: =MAX(Stock_NSW_LGA!$B:$B) -> 46235 | C22: MAX(Stock_NSW_LGA!$B:$B)
A23: Latest QLD BEV-seen month | B23: =MAX(Stock_QLD_LGA!$B:$B) -> 46235 | C23: MAX(Stock_QLD_LGA!$B:$B)
A24: Latest VIC fleet snapshot (quarter) | B24: =MAX(VIC_Postcode_Qtr!$B:$B) -> 46174 | C24: MAX(VIC_Postcode_Qtr!$B:$B)
A25: VIC snapshot one year earlier | B25: =EDATE(B24,-12) -> 45809 | C25: EDATE(B24,-12)
A27: Fuel crisis window | B27: Value | C27: How it was set
A28: Crisis start month (2026 Middle East / Strait of Hormuz fuel crisis) | B28: 46082 | C28: Derived: first month TGP_petrol_national was >= 25% above its trailing 12-month mean (210.4 vs 160.5 c/L). config.yaml fuel.*
A29: Crisis window end (latest month with data in both states) | B29: =MIN(Inputs!$B$16,Inputs!$B$17) -> 46235 | C29: MIN(Inputs!$B$16,Inputs!$B$17)
A30: Same months a year earlier — start | B30: =EDATE(B28,-12) -> 45717 | C30: EDATE(B28,-12)
A31: Same months a year earlier — end | B31: =EDATE(B29,-12) -> 45870 | C31: EDATE(B29,-12)
A32: Crisis window length (months) | B32: =(YEAR(B29)-YEAR(B28))*12+MONTH(B29)-MONTH(B28)+1 -> 6 | C32: (YEAR(B29)-YEAR(B28))*12+MONTH(B29)-MONTH(B28)+1
A33: Pre-crisis window of the same length — start | B33: =EDATE(B28,-B32) -> 45901 | C33: EDATE(B28,-B32)
A34: Pre-crisis window — end | B34: =EDATE(B28,-1) -> 46054 | C34: EDATE(B28,-1)

Sheet Flow_Group_Summary
A1: Who is buying the new BEVs? — recent window vs baseline window
A2: Recent window = latest N months (Inputs). Baseline = the first N months of data. Representation index = group's share of BEVs ÷ its share of all new private regos (1.0 = proportional).
A4: State | B4: Income group | C4: Lowest LGA median ($) | D4: Highest LGA median ($) | E4: Earners | F4: New private regos | G4: BEV | H4: BEV share of new | I4: Share of state's new BEVs | J4: Share of state's new regos | K4: Representation index | L4: BEV per 1,000 earners | M4: Baseline: new regos | N4: Baseline: BEV | O4: Baseline: BEV share | P4: Baseline: representation index
A5: NSW | B5: Q1 (lowest) | C5: =_xlfn.MINIFS(LGA_Summary!$D:$D,LGA_Summary!$A:$A,"NSW",LGA_Summary!$F:$F,1) -> 30613 | D5: =_xlfn.MAXIFS(LGA_Summary!$D:$D,LGA_Summary!$A:$A,"NSW",LGA_Summary!$F:$F,1) -> 50569 | E5: =SUMIFS(LGA_Summary!$E:$E,LGA_Summary!$A:$A,"NSW",LGA_Summary!$F:$F,1) -> 1137376 | F5: =SUMIFS(Flow_LGA_Month!$N:$N,Flow_LGA_Month!$A:$A,"NSW",Flow_LGA_Month!$D:$D,1,Flow_LGA_Month!$C:$C,">="&Inputs!$B$18) -> 54549.746 | G5: =SUMIFS(Flow_LGA_Month!$K:$K,Flow_LGA_Month!$A:$A,"NSW",Flow_LGA_Month!$D:$D,1,Flow_LGA_Month!$C:$C,">="&Inputs!$B$18) -> 6179.25 | H5: =G5/F5 -> 0.11327734 | I5: =G5/G$10 -> 0.13239396 | J5: =F5/F$10 -> 0.19326018 | K5: =I5/J5 -> 0.68505559 | L5: =G5/E5*1000 -> 5.4328999 | M5: =SUMIFS(Flow_LGA_Month!$N:$N,Flow_LGA_Month!$A:$A,"NSW",Flow_LGA_Month!$D:$D,1,Flow_LGA_Month!$C:$C,"<="&Inputs!$B$21) -> 47795.717 | N5: =SUMIFS(Flow_LGA_Month!$K:$K,Flow_LGA_Month!$A:$A,"NSW",Flow_LGA_Month!$D:$D,1,Flow_LGA_Month!$C:$C,"<="&Inputs!$B$21) -> 2358.75 | O5: =N5/M5 -> 0.049350656 | P5: =(N5/N$10)/(M5/M$10) -> 0.60880332
A6: NSW | B6: Q2 | C6: =_xlfn.MINIFS(LGA_Summary!$D:$D,LGA_Summary!$A:$A,"NSW",LGA_Summary!$F:$F,2) -> 51007 | D6: =_xlfn.MAXIFS(LGA_Summary!$D:$D,LGA_Summary!$A:$A,"NSW",LGA_Summary!$F:$F,2) -> 58246 | E6: =SUMIFS(LGA_Summary!$E:$E,LGA_Summary!$A:$A,"NSW",LGA_Summary!$F:$F,2) -> 958117 | F6: =SUMIFS(Flow_LGA_Month!$N:$N,Flow_LGA_Month!$A:$A,"NSW",Flow_LGA_Month!$D:$D,2,Flow_LGA_Month!$C:$C,">="&Inputs!$B$18) -> 56873.922 | G6: =SUMIFS(Flow_LGA_Month!$K:$K,Flow_LGA_Month!$A:$A,"NSW",Flow_LGA_Month!$D:$D,2,Flow_LGA_Month!$C:$C,">="&Inputs!$B$18) -> 6976.475 | H6: =G6/F6 -> 0.12266562 | I6: =G6/G$10 -> 0.14947497 | J6: =F6/F$10 -> 0.20149433 | K6: =I6/J6 -> 0.74183214 | L6: =G6/E6*1000 -> 7.2814437 | M6: =SUMIFS(Flow_LGA_Month!$N:$N,Flow_LGA_Month!$A:$A,"NSW",Flow_LGA_Month!$D:$D,2,Flow_LGA_Month!$C:$C,"<="&Inputs!$B$21) -> 49931.155 | N6: =SUMIFS(Flow_LGA_Month!$K:$K,Flow_LGA_Month!$A:$A,"NSW",Flow_LGA_Month!$D:$D,2,Flow_LGA_Month!$C:$C,"<="&Inputs!$B$21) -> 2724.675 | O6: =N6/M6 -> 0.054568636 | P6: =(N6/N$10)/(M6/M$10) -> 0.67317376
A7: NSW | B7: Q3 | C7: =_xlfn.MINIFS(LGA_Summary!$D:$D,LGA_Summary!$A:$A,"NSW",LGA_Summary!$F:$F,3) -> 58267 | D7: =_xlfn.MAXIFS(LGA_Summary!$D:$D,LGA_Summary!$A:$A,"NSW",LGA_Summary!$F:$F,3) -> 61846 | E7: =SUMIFS(LGA_Summary!$E:$E,LGA_Summary!$A:$A,"NSW",LGA_Summary!$F:$F,3) -> 1149946 | F7: =SUMIFS(Flow_LGA_Month!$N:$N,Flow_LGA_Month!$A:$A,"NSW",Flow_LGA_Month!$D:$D,3,Flow_LGA_Month!$C:$C,">="&Inputs!$B$18) -> 63906.782 | G7: =SUMIFS(Flow_LGA_Month!$K:$K,Flow_LGA_Month!$A:$A,"NSW",Flow_LGA_Month!$D:$D,3,Flow_LGA_Month!$C:$C,">="&Inputs!$B$18) -> 9659.375 | H7: =G7/F7 -> 0.15114789 | I7: =G7/G$10 -> 0.20695763 | J7: =F7/F$10 -> 0.22641051 | K7: =I7/J7 -> 0.91408137 | L7: =G7/E7*1000 -> 8.3998509 | M7: =SUMIFS(Flow_LGA_Month!$N:$N,Flow_LGA_Month!$A:$A,"NSW",Flow_LGA_Month!$D:$D,3,Flow_LGA_Month!$C:$C,"<="&Inputs!$B$21) -> 54188.297 | N7: =SUMIFS(Flow_LGA_Month!$K:$K,Flow_LGA_Month!$A:$A,"NSW",Flow_LGA_Month!$D:$D,3,Flow_LGA_Month!$C:$C,"<="&Inputs!$B$21) -> 3712.35 | O7: =N7/M7 -> 0.068508335 | P7: =(N7/N$10)/(M7/M$10) -> 0.84513774
A8: NSW | B8: Q4 | C8: =_xlfn.MINIFS(LGA_Summary!$D:$D,LGA_Summary!$A:$A,"NSW",LGA_Summary!$F:$F,4) -> 62478 | D8: =_xlfn.MAXIFS(LGA_Summary!$D:$D,LGA_Summary!$A:$A,"NSW",LGA_Summary!$F:$F,4) -> 67899 | E8: =SUMIFS(LGA_Summary!$E:$E,LGA_Summary!$A:$A,"NSW",LGA_Summary!$F:$F,4) -> 1108157 | F8: =SUMIFS(Flow_LGA_Month!$N:$N,Flow_LGA_Month!$A:$A,"NSW",Flow_LGA_Month!$D:$D,4,Flow_LGA_Month!$C:$C,">="&Inputs!$B$18) -> 54323.277 | G8: =SUMIFS(Flow_LGA_Month!$K:$K,Flow_LGA_Month!$A:$A,"NSW",Flow_LGA_Month!$D:$D,4,Flow_LGA_Month!$C:$C,">="&Inputs!$B$18) -> 10668.825 | H8: =G8/F8 -> 0.19639509 | I8: =G8/G$10 -> 0.22858568 | J8: =F8/F$10 -> 0.19245784 | K8: =I8/J8 -> 1.1877182 | L8: =G8/E8*1000 -> 9.6275392 | M8: =SUMIFS(Flow_LGA_Month!$N:$N,Flow_LGA_Month!$A:$A,"NSW",Flow_LGA_Month!$D:$D,4,Flow_LGA_Month!$C:$C,"<="&Inputs!$B$21) -> 45883.359 | N8: =SUMIFS(Flow_LGA_Month!$K:$K,Flow_LGA_Month!$A:$A,"NSW",Flow_LGA_Month!$D:$D,4,Flow_LGA_Month!$C:$C,"<="&Inputs!$B$21) -> 4574.525 | O8: =N8/M8 -> 0.099699 | P8: =(N8/N$10)/(M8/M$10) -> 1.2299144
A9: NSW | B9: Q5 (highest) | C9: =_xlfn.MINIFS(LGA_Summary!$D:$D,LGA_Summary!$A:$A,"NSW",LGA_Summary!$F:$F,5) -> 69078 | D9: =_xlfn.MAXIFS(LGA_Summary!$D:$D,LGA_Summary!$A:$A,"NSW",LGA_Summary!$F:$F,5) -> 88760 | E9: =SUMIFS(LGA_Summary!$E:$E,LGA_Summary!$A:$A,"NSW",LGA_Summary!$F:$F,5) -> 1007694 | F9: =SUMIFS(Flow_LGA_Month!$N:$N,Flow_LGA_Month!$A:$A,"NSW",Flow_LGA_Month!$D:$D,5,Flow_LGA_Month!$C:$C,">="&Inputs!$B$18) -> 52606.937 | G9: =SUMIFS(Flow_LGA_Month!$K:$K,Flow_LGA_Month!$A:$A,"NSW",Flow_LGA_Month!$D:$D,5,Flow_LGA_Month!$C:$C,">="&Inputs!$B$18) -> 13189.275 | H9: =G9/F9 -> 0.25071361 | I9: =G9/G$10 -> 0.28258776 | J9: =F9/F$10 -> 0.18637715 | K9: =I9/J9 -> 1.5162146 | L9: =G9/E9*1000 -> 13.088572 | M9: =SUMIFS(Flow_LGA_Month!$N:$N,Flow_LGA_Month!$A:$A,"NSW",Flow_LGA_Month!$D:$D,5,Flow_LGA_Month!$C:$C,"<="&Inputs!$B$21) -> 45686.563 | N9: =SUMIFS(Flow_LGA_Month!$K:$K,Flow_LGA_Month!$A:$A,"NSW",Flow_LGA_Month!$D:$D,5,Flow_LGA_Month!$C:$C,"<="&Inputs!$B$21) -> 6367.025 | O9: =N9/M9 -> 0.13936319 | P9: =(N9/N$10)/(M9/M$10) -> 1.7192227
A10: NSW | B10: All | C10: =_xlfn.MINIFS(LGA_Summary!$D:$D,LGA_Summary!$A:$A,"NSW") -> 30613 | D10: =_xlfn.MAXIFS(LGA_Summary!$D:$D,LGA_Summary!$A:$A,"NSW") -> 88760 | E10: =SUMIFS(LGA_Summary!$E:$E,LGA_Summary!$A:$A,"NSW") -> 5361290 | F10: =SUMIFS(Flow_LGA_Month!$N:$N,Flow_LGA_Month!$A:$A,"NSW",Flow_LGA_Month!$C:$C,">="&Inputs!$B$18) -> 282260.66 | G10: =SUMIFS(Flow_LGA_Month!$K:$K,Flow_LGA_Month!$A:$A,"NSW",Flow_LGA_Month!$C:$C,">="&Inputs!$B$18) -> 46673.2 | H10: =G10/F10 -> 0.16535496 | I10: =G10/G$10 -> 1 | J10: =F10/F$10 -> 1 | K10: =I10/J10 -> 1 | L10: =G10/E10*1000 -> 8.7055914 | M10: =SUMIFS(Flow_LGA_Month!$N:$N,Flow_LGA_Month!$A:$A,"NSW",Flow_LGA_Month!$C:$C,"<="&Inputs!$B$21) -> 243485.09 | N10: =SUMIFS(Flow_LGA_Month!$K:$K,Flow_LGA_Month!$A:$A,"NSW",Flow_LGA_Month!$C:$C,"<="&Inputs!$B$21) -> 19737.325 | O10: =N10/M10 -> 0.081061739 | P10: =(N10/N$10)/(M10/M$10) -> 1
A11: NSW | B11: Top ÷ bottom group | H11: =H9/H5 -> 2.2132724 | K11: =K9/K5 -> 2.2132724 | L11: =L9/L5 -> 2.4091317 | O11: =O9/O5 -> 2.8239379 | P11: =P9/P5 -> 2.8239379
A13: QLD | B13: Q1 (lowest) | C13: =_xlfn.MINIFS(LGA_Summary!$D:$D,LGA_Summary!$A:$A,"QLD",LGA_Summary!$F:$F,1) -> 17661 | D13: =_xlfn.MAXIFS(LGA_Summary!$D:$D,LGA_Summary!$A:$A,"QLD",LGA_Summary!$F:$F,1) -> 52638 | E13: =SUMIFS(LGA_Summary!$E:$E,LGA_Summary!$A:$A,"QLD",LGA_Summary!$F:$F,1) -> 705742 | F13: =SUMIFS(Flow_LGA_Month!$N:$N,Flow_LGA_Month!$A:$A,"QLD",Flow_LGA_Month!$D:$D,1,Flow_LGA_Month!$C:$C,">="&Inputs!$B$19) -> 24285 | G13: =SUMIFS(Flow_LGA_Month!$K:$K,Flow_LGA_Month!$A:$A,"QLD",Flow_LGA_Month!$D:$D,1,Flow_LGA_Month!$C:$C,">="&Inputs!$B$19) -> 3850 | H13: =G13/F13 -> 0.15853407 | I13: =G13/G$18 -> 0.13828526 | J13: =F13/F$18 -> 0.18592669 | K13: =I13/J13 -> 0.74376232 | L13: =G13/E13*1000 -> 5.4552514 | M13: =SUMIFS(Flow_LGA_Month!$N:$N,Flow_LGA_Month!$A:$A,"QLD",Flow_LGA_Month!$D:$D,1,Flow_LGA_Month!$C:$C,"<="&Inputs!$B$21) -> 22123 | N13: =SUMIFS(Flow_LGA_Month!$K:$K,Flow_LGA_Month!$A:$A,"QLD",Flow_LGA_Month!$D:$D,1,Flow_LGA_Month!$C:$C,"<="&Inputs!$B$21) -> 1543 | O13: =N13/M13 -> 0.069746418 | P13: =(N13/N$18)/(M13/M$18) -> 0.65570423
A14: QLD | B14: Q2 | C14: =_xlfn.MINIFS(LGA_Summary!$D:$D,LGA_Summary!$A:$A,"QLD",LGA_Summary!$F:$F,2) -> 53542 | D14: =_xlfn.MAXIFS(LGA_Summary!$D:$D,LGA_Summary!$A:$A,"QLD",LGA_Summary!$F:$F,2) -> 55522 | E14: =SUMIFS(LGA_Summary!$E:$E,LGA_Summary!$A:$A,"QLD",LGA_Summary!$F:$F,2) -> 700237 | F14: =SUMIFS(Flow_LGA_Month!$N:$N,Flow_LGA_Month!$A:$A,"QLD",Flow_LGA_Month!$D:$D,2,Flow_LGA_Month!$C:$C,">="&Inputs!$B$19) -> 26527 | G14: =SUMIFS(Flow_LGA_Month!$K:$K,Flow_LGA_Month!$A:$A,"QLD",Flow_LGA_Month!$D:$D,2,Flow_LGA_Month!$C:$C,">="&Inputs!$B$19) -> 5471 | H14: =G14/F14 -> 0.2062427 | I14: =G14/G$18 -> 0.19650875 | J14: =F14/F$18 -> 0.2030915 | K14: =I14/J14 -> 0.96758723 | L14: =G14/E14*1000 -> 7.813069 | M14: =SUMIFS(Flow_LGA_Month!$N:$N,Flow_LGA_Month!$A:$A,"QLD",Flow_LGA_Month!$D:$D,2,Flow_LGA_Month!$C:$C,"<="&Inputs!$B$21) -> 25013 | N14: =SUMIFS(Flow_LGA_Month!$K:$K,Flow_LGA_Month!$A:$A,"QLD",Flow_LGA_Month!$D:$D,2,Flow_LGA_Month!$C:$C,"<="&Inputs!$B$21) -> 2655 | O14: =N14/M14 -> 0.1061448 | P14: =(N14/N$18)/(M14/M$18) -> 0.99789494
A15: QLD | B15: Q3 | C15: =_xlfn.MINIFS(LGA_Summary!$D:$D,LGA_Summary!$A:$A,"QLD",LGA_Summary!$F:$F,3) -> 55547 | D15: =_xlfn.MAXIFS(LGA_Summary!$D:$D,LGA_Summary!$A:$A,"QLD",LGA_Summary!$F:$F,3) -> 59405 | E15: =SUMIFS(LGA_Summary!$E:$E,LGA_Summary!$A:$A,"QLD",LGA_Summary!$F:$F,3) -> 740953 | F15: =SUMIFS(Flow_LGA_Month!$N:$N,Flow_LGA_Month!$A:$A,"QLD",Flow_LGA_Month!$D:$D,3,Flow_LGA_Month!$C:$C,">="&Inputs!$B$19) -> 28970 | G15: =SUMIFS(Flow_LGA_Month!$K:$K,Flow_LGA_Month!$A:$A,"QLD",Flow_LGA_Month!$D:$D,3,Flow_LGA_Month!$C:$C,">="&Inputs!$B$19) -> 5705 | H15: =G15/F15 -> 0.19692786 | I15: =G15/G$18 -> 0.20491362 | J15: =F15/F$18 -> 0.22179519 | K15: =I15/J15 -> 0.92388667 | L15: =G15/E15*1000 -> 7.6995437 | M15: =SUMIFS(Flow_LGA_Month!$N:$N,Flow_LGA_Month!$A:$A,"QLD",Flow_LGA_Month!$D:$D,3,Flow_LGA_Month!$C:$C,"<="&Inputs!$B$21) -> 26019 | N15: =SUMIFS(Flow_LGA_Month!$K:$K,Flow_LGA_Month!$A:$A,"QLD",Flow_LGA_Month!$D:$D,3,Flow_LGA_Month!$C:$C,"<="&Inputs!$B$21) -> 2165 | O15: =N15/M15 -> 0.083208425 | P15: =(N15/N$18)/(M15/M$18) -> 0.78226406
A16: QLD | B16: Q4 | C16: =_xlfn.MINIFS(LGA_Summary!$D:$D,LGA_Summary!$A:$A,"QLD",LGA_Summary!$F:$F,4) -> 59464 | D16: =_xlfn.MAXIFS(LGA_Summary!$D:$D,LGA_Summary!$A:$A,"QLD",LGA_Summary!$F:$F,4) -> 62262 | E16: =SUMIFS(LGA_Summary!$E:$E,LGA_Summary!$A:$A,"QLD",LGA_Summary!$F:$F,4) -> 332768 | F16: =SUMIFS(Flow_LGA_Month!$N:$N,Flow_LGA_Month!$A:$A,"QLD",Flow_LGA_Month!$D:$D,4,Flow_LGA_Month!$C:$C,">="&Inputs!$B$19) -> 12703 | G16: =SUMIFS(Flow_LGA_Month!$K:$K,Flow_LGA_Month!$A:$A,"QLD",Flow_LGA_Month!$D:$D,4,Flow_LGA_Month!$C:$C,">="&Inputs!$B$19) -> 1907 | H16: =G16/F16 -> 0.15012202 | I16: =G16/G$18 -> 0.068496103 | J16: =F16/F$18 -> 0.097254548 | K16: =I16/J16 -> 0.70429717 | L16: =G16/E16*1000 -> 5.7307193 | M16: =SUMIFS(Flow_LGA_Month!$N:$N,Flow_LGA_Month!$A:$A,"QLD",Flow_LGA_Month!$D:$D,4,Flow_LGA_Month!$C:$C,"<="&Inputs!$B$21) -> 11854 | N16: =SUMIFS(Flow_LGA_Month!$K:$K,Flow_LGA_Month!$A:$A,"QLD",Flow_LGA_Month!$D:$D,4,Flow_LGA_Month!$C:$C,"<="&Inputs!$B$21) -> 726 | O16: =N16/M16 -> 0.061245149 | P16: =(N16/N$18)/(M16/M$18) -> 0.57578159
A17: QLD | B17: Q5 (highest) | C17: =_xlfn.MINIFS(LGA_Summary!$D:$D,LGA_Summary!$A:$A,"QLD",LGA_Summary!$F:$F,5) -> 63317 | D17: =_xlfn.MAXIFS(LGA_Summary!$D:$D,LGA_Summary!$A:$A,"QLD",LGA_Summary!$F:$F,5) -> 96818 | E17: =SUMIFS(LGA_Summary!$E:$E,LGA_Summary!$A:$A,"QLD",LGA_Summary!$F:$F,5) -> 1051338 | F17: =SUMIFS(Flow_LGA_Month!$N:$N,Flow_LGA_Month!$A:$A,"QLD",Flow_LGA_Month!$D:$D,5,Flow_LGA_Month!$C:$C,">="&Inputs!$B$19) -> 38131 | G17: =SUMIFS(Flow_LGA_Month!$K:$K,Flow_LGA_Month!$A:$A,"QLD",Flow_LGA_Month!$D:$D,5,Flow_LGA_Month!$C:$C,">="&Inputs!$B$19) -> 10908 | H17: =G17/F17 -> 0.28606646 | I17: =G17/G$18 -> 0.39179627 | J17: =F17/F$18 -> 0.29193208 | K17: =I17/J17 -> 1.3420802 | L17: =G17/E17*1000 -> 10.37535 | M17: =SUMIFS(Flow_LGA_Month!$N:$N,Flow_LGA_Month!$A:$A,"QLD",Flow_LGA_Month!$D:$D,5,Flow_LGA_Month!$C:$C,"<="&Inputs!$B$21) -> 38815 | N17: =SUMIFS(Flow_LGA_Month!$K:$K,Flow_LGA_Month!$A:$A,"QLD",Flow_LGA_Month!$D:$D,5,Flow_LGA_Month!$C:$C,"<="&Inputs!$B$21) -> 6082 | O17: =N17/M17 -> 0.156692 | P17: =(N17/N$18)/(M17/M$18) -> 1.4731023
A18: QLD | B18: All | C18: =_xlfn.MINIFS(LGA_Summary!$D:$D,LGA_Summary!$A:$A,"QLD") -> 17661 | D18: =_xlfn.MAXIFS(LGA_Summary!$D:$D,LGA_Summary!$A:$A,"QLD") -> 96818 | E18: =SUMIFS(LGA_Summary!$E:$E,LGA_Summary!$A:$A,"QLD") -> 3531038 | F18: =SUMIFS(Flow_LGA_Month!$N:$N,Flow_LGA_Month!$A:$A,"QLD",Flow_LGA_Month!$C:$C,">="&Inputs!$B$19) -> 130616 | G18: =SUMIFS(Flow_LGA_Month!$K:$K,Flow_LGA_Month!$A:$A,"QLD",Flow_LGA_Month!$C:$C,">="&Inputs!$B$19) -> 27841 | H18: =G18/F18 -> 0.21315153 | I18: =G18/G$18 -> 1 | J18: =F18/F$18 -> 1 | K18: =I18/J18 -> 1 | L18: =G18/E18*1000 -> 7.8846503 | M18: =SUMIFS(Flow_LGA_Month!$N:$N,Flow_LGA_Month!$A:$A,"QLD",Flow_LGA_Month!$C:$C,"<="&Inputs!$B$21) -> 123824 | N18: =SUMIFS(Flow_LGA_Month!$K:$K,Flow_LGA_Month!$A:$A,"QLD",Flow_LGA_Month!$C:$C,"<="&Inputs!$B$21) -> 13171 | O18: =N18/M18 -> 0.10636872 | P18: =(N18/N$18)/(M18/M$18) -> 1
A19: QLD | B19: Top ÷ bottom group | H19: =H17/H13 -> 1.8044478 | K19: =K17/K13 -> 1.8044478 | L19: =L17/L13 -> 1.9019014 | O19: =O17/O13 -> 2.2465957 | P19: =P17/P13 -> 2.2465957
A22: VIC — postcode income groups (ATO 2023-24). Flow proxy = BEV share of recent-model vehicles in the latest snapshot; fleet additions = BEV fleet growth over the last year.
A23: State | B23: Income group | C23: Lowest postcode median ($) | D23: Highest postcode median ($) | E23: Individuals | F23: Recent-model vehicles | G23: Recent-model BEV | H23: BEV share of recent-model | I23: Share of VIC recent-model BEVs | J23: Share of VIC recent-model vehicles | K23: Representation index | L23: Recent-model BEV per 1,000 individuals | M23: BEV added in last year | N23: BEV added per 1,000 individuals
A24: VIC | B24: Q1 (lowest) | C24: =_xlfn.MINIFS(VIC_Postcode!$B:$B,VIC_Postcode!$A:$A,">0",VIC_Postcode!$D:$D,1) -> 34511 | D24: =_xlfn.MAXIFS(VIC_Postcode!$B:$B,VIC_Postcode!$A:$A,">0",VIC_Postcode!$D:$D,1) -> 52005 | E24: =SUMIFS(VIC_Postcode!$C:$C,VIC_Postcode!$A:$A,">0",VIC_Postcode!$D:$D,1) -> 870425 | F24: =SUMIFS(VIC_Postcode!$H:$H,VIC_Postcode!$A:$A,">0",VIC_Postcode!$D:$D,1) -> 86110 | G24: =SUMIFS(VIC_Postcode!$I:$I,VIC_Postcode!$A:$A,">0",VIC_Postcode!$D:$D,1) -> 10556 | H24: =G24/F24 -> 0.12258739 | I24: =G24/G$29 -> 0.17383572 | J24: =F24/F$29 -> 0.20376435 | K24: =I24/J24 -> 0.85312133 | L24: =G24/E24*1000 -> 12.127409 | M24: =SUMIFS(VIC_Postcode!$F:$F,VIC_Postcode!$A:$A,">0",VIC_Postcode!$D:$D,1)-SUMIFS(VIC_Postcode!$K:$K,VIC_Postcode!$A:$A,">0",VIC_Postcode!$D:$D,1) -> 8017 | N24: =M24/E24*1000 -> 9.2104432
A25: VIC | B25: Q2 | C25: =_xlfn.MINIFS(VIC_Postcode!$B:$B,VIC_Postcode!$A:$A,">0",VIC_Postcode!$D:$D,2) -> 52006 | D25: =_xlfn.MAXIFS(VIC_Postcode!$B:$B,VIC_Postcode!$A:$A,">0",VIC_Postcode!$D:$D,2) -> 56969 | E25: =SUMIFS(VIC_Postcode!$C:$C,VIC_Postcode!$A:$A,">0",VIC_Postcode!$D:$D,2) -> 828084 | F25: =SUMIFS(VIC_Postcode!$H:$H,VIC_Postcode!$A:$A,">0",VIC_Postcode!$D:$D,2) -> 80871 | G25: =SUMIFS(VIC_Postcode!$I:$I,VIC_Postcode!$A:$A,">0",VIC_Postcode!$D:$D,2) -> 9896 | H25: =G25/F25 -> 0.12236772 | I25: =G25/G$29 -> 0.16296687 | J25: =F25/F$29 -> 0.19136717 | K25: =I25/J25 -> 0.85159261 | L25: =G25/E25*1000 -> 11.950478 | M25: =SUMIFS(VIC_Postcode!$F:$F,VIC_Postcode!$A:$A,">0",VIC_Postcode!$D:$D,2)-SUMIFS(VIC_Postcode!$K:$K,VIC_Postcode!$A:$A,">0",VIC_Postcode!$D:$D,2) -> 9427 | N25: =M25/E25*1000 -> 11.384111
A26: VIC | B26: Q3 | C26: =_xlfn.MINIFS(VIC_Postcode!$B:$B,VIC_Postcode!$A:$A,">0",VIC_Postcode!$D:$D,3) -> 56986 | D26: =_xlfn.MAXIFS(VIC_Postcode!$B:$B,VIC_Postcode!$A:$A,">0",VIC_Postcode!$D:$D,3) -> 60389 | E26: =SUMIFS(VIC_Postcode!$C:$C,VIC_Postcode!$A:$A,">0",VIC_Postcode!$D:$D,3) -> 839902 | F26: =SUMIFS(VIC_Postcode!$H:$H,VIC_Postcode!$A:$A,">0",VIC_Postcode!$D:$D,3) -> 92070 | G26: =SUMIFS(VIC_Postcode!$I:$I,VIC_Postcode!$A:$A,">0",VIC_Postcode!$D:$D,3) -> 12000 | H26: =G26/F26 -> 0.13033561 | I26: =G26/G$29 -> 0.19761544 | J26: =F26/F$29 -> 0.21786766 | K26: =I26/J26 -> 0.9070435 | L26: =G26/E26*1000 -> 14.287381 | M26: =SUMIFS(VIC_Postcode!$F:$F,VIC_Postcode!$A:$A,">0",VIC_Postcode!$D:$D,3)-SUMIFS(VIC_Postcode!$K:$K,VIC_Postcode!$A:$A,">0",VIC_Postcode!$D:$D,3) -> 9475 | N26: =M26/E26*1000 -> 11.281078
A27: VIC | B27: Q4 | C27: =_xlfn.MINIFS(VIC_Postcode!$B:$B,VIC_Postcode!$A:$A,">0",VIC_Postcode!$D:$D,4) -> 60435 | D27: =_xlfn.MAXIFS(VIC_Postcode!$B:$B,VIC_Postcode!$A:$A,">0",VIC_Postcode!$D:$D,4) -> 65641 | E27: =SUMIFS(VIC_Postcode!$C:$C,VIC_Postcode!$A:$A,">0",VIC_Postcode!$D:$D,4) -> 844079 | F27: =SUMIFS(VIC_Postcode!$H:$H,VIC_Postcode!$A:$A,">0",VIC_Postcode!$D:$D,4) -> 79097 | G27: =SUMIFS(VIC_Postcode!$I:$I,VIC_Postcode!$A:$A,">0",VIC_Postcode!$D:$D,4) -> 13411 | H27: =G27/F27 -> 0.16955131 | I27: =G27/G$29 -> 0.22085172 | J27: =F27/F$29 -> 0.18716931 | K27: =I27/J27 -> 1.1799569 | L27: =G27/E27*1000 -> 15.888323 | M27: =SUMIFS(VIC_Postcode!$F:$F,VIC_Postcode!$A:$A,">0",VIC_Postcode!$D:$D,4)-SUMIFS(VIC_Postcode!$K:$K,VIC_Postcode!$A:$A,">0",VIC_Postcode!$D:$D,4) -> 11639 | N27: =M27/E27*1000 -> 13.788994
A28: VIC | B28: Q5 (highest) | C28: =_xlfn.MINIFS(VIC_Postcode!$B:$B,VIC_Postcode!$A:$A,">0",VIC_Postcode!$D:$D,5) -> 65642 | D28: =_xlfn.MAXIFS(VIC_Postcode!$B:$B,VIC_Postcode!$A:$A,">0",VIC_Postcode!$D:$D,5) -> 86568 | E28: =SUMIFS(VIC_Postcode!$C:$C,VIC_Postcode!$A:$A,">0",VIC_Postcode!$D:$D,5) -> 847651 | F28: =SUMIFS(VIC_Postcode!$H:$H,VIC_Postcode!$A:$A,">0",VIC_Postcode!$D:$D,5) -> 84448 | G28: =SUMIFS(VIC_Postcode!$I:$I,VIC_Postcode!$A:$A,">0",VIC_Postcode!$D:$D,5) -> 14861 | H28: =G28/F28 -> 0.17597812 | I28: =G28/G$29 -> 0.24473025 | J28: =F28/F$29 -> 0.19983152 | K28: =I28/J28 -> 1.224683 | L28: =G28/E28*1000 -> 17.53198 | M28: =SUMIFS(VIC_Postcode!$F:$F,VIC_Postcode!$A:$A,">0",VIC_Postcode!$D:$D,5)-SUMIFS(VIC_Postcode!$K:$K,VIC_Postcode!$A:$A,">0",VIC_Postcode!$D:$D,5) -> 11662 | N28: =M28/E28*1000 -> 13.758021
A29: VIC | B29: All | C29: =_xlfn.MINIFS(VIC_Postcode!$B:$B,VIC_Postcode!$A:$A,">0") -> 34511 | D29: =_xlfn.MAXIFS(VIC_Postcode!$B:$B,VIC_Postcode!$A:$A,">0") -> 86568 | E29: =SUMIFS(VIC_Postcode!$C:$C,VIC_Postcode!$A:$A,">0") -> 4230141 | F29: =SUMIFS(VIC_Postcode!$H:$H,VIC_Postcode!$A:$A,">0") -> 422596 | G29: =SUMIFS(VIC_Postcode!$I:$I,VIC_Postcode!$A:$A,">0") -> 60724 | H29: =G29/F29 -> 0.14369279 | I29: =G29/G$29 -> 1 | J29: =F29/F$29 -> 1 | K29: =I29/J29 -> 1 | L29: =G29/E29*1000 -> 14.355077 | M29: =SUMIFS(VIC_Postcode!$F:$F,VIC_Postcode!$A:$A,">0")-SUMIFS(VIC_Postcode!$K:$K,VIC_Postcode!$A:$A,">0") -> 50220 | N29: =M29/E29*1000 -> 11.871945
A30: VIC | B30: Top ÷ bottom group | H30: =H28/H24 -> 1.435532 | K30: =K28/K24 -> 1.435532 | L30: =L28/L24 -> 1.4456492 | N30: =N28/N24 -> 1.4937414

Sheet Flow_Group_Month
A1: New private registrations by LGA income group — monthly
A2: Groups are earner-weighted: each holds about a fifth of the state's earners. Q1 = lowest-income LGAs. Counts are SUMIFS over Flow_LGA_Month.
A4: Month | B4: NSW new Q1 (lowest) | C4: NSW new Q2 | D4: NSW new Q3 | E4: NSW new Q4 | F4: NSW new Q5 (highest) | G4: NSW BEV Q1 (lowest) | H4: NSW BEV Q2 | I4: NSW BEV Q3 | J4: NSW BEV Q4 | K4: NSW BEV Q5 (highest) | L4: QLD new Q1 (lowest) | M4: QLD new Q2 | N4: QLD new Q3 | O4: QLD new Q4 | P4: QLD new Q5 (highest) | Q4: QLD BEV Q1 (lowest) | R4: QLD BEV Q2 | S4: QLD BEV Q3 | T4: QLD BEV Q4 | U4: QLD BEV Q5 (highest) | V4: NSW BEV share Q1 (lowest) | W4: NSW BEV share Q2 | X4: NSW BEV share Q3 | Y4: NSW BEV share Q4 | Z4: NSW BEV share Q5 (highest) | AA4: NSW BEV share all | AB4: QLD BEV share Q1 (lowest) | AC4: QLD BEV share Q2 | AD4: QLD BEV share Q3 | AE4: QLD BEV share Q4 | AF4: QLD BEV share Q5 (highest) | AG4: QLD BEV share all
A5: 44927 | B5: =SUMIFS(Flow_LGA_Month!$N:$N,Flow_LGA_Month!$A:$A,"NSW",Flow_LGA_Month!$D:$D,1,Flow_LGA_Month!$C:$C,$A5) -> 4176.084 | C5: =SUMIFS(Flow_LGA_Month!$N:$N,Flow_LGA_Month!$A:$A,"NSW",Flow_LGA_Month!$D:$D,2,Flow_LGA_Month!$C:$C,$A5) -> 4233.255 | D5: =SUMIFS(Flow_LGA_Month!$N:$N,Flow_LGA_Month!$A:$A,"NSW",Flow_LGA_Month!$D:$D,3,Flow_LGA_Month!$C:$C,$A5) -> 4697.045 | E5: =SUMIFS(Flow_LGA_Month!$N:$N,Flow_LGA_Month!$A:$A,"NSW",Flow_LGA_Month!$D:$D,4,Flow_LGA_Month!$C:$C,$A5) -> 4092.134 | F5: =SUMIFS(Flow_LGA_Month!$N:$N,Flow_LGA_Month!$A:$A,"NSW",Flow_LGA_Month!$D:$D,5,Flow_LGA_Month!$C:$C,$A5) -> 3801.784 | G5: =SUMIFS(Flow_LGA_Month!$K:$K,Flow_LGA_Month!$A:$A,"NSW",Flow_LGA_Month!$D:$D,1,Flow_LGA_Month!$C:$C,$A5) -> 224.4 | H5: =SUMIFS(Flow_LGA_Month!$K:$K,Flow_LGA_Month!$A:$A,"NSW",Flow_LGA_Month!$D:$D,2,Flow_LGA_Month!$C:$C,$A5) -> 271.575 | I5: =SUMIFS(Flow_LGA_Month!$K:$K,Flow_LGA_Month!$A:$A,"NSW",Flow_LGA_Month!$D:$D,3,Flow_LGA_Month!$C:$C,$A5) -> 284.95 | J5: =SUMIFS(Flow_LGA_Month!$K:$K,Flow_LGA_Month!$A:$A,"NSW",Flow_LGA_Month!$D:$D,4,Flow_LGA_Month!$C:$C,$A5) -> 352.525 | K5: =SUMIFS(Flow_LGA_Month!$K:$K,Flow_LGA_Month!$A:$A,"NSW",Flow_LGA_Month!$D:$D,5,Flow_LGA_Month!$C:$C,$A5) -> 523.725 | L5: =SUMIFS(Flow_LGA_Month!$N:$N,Flow_LGA_Month!$A:$A,"QLD",Flow_LGA_Month!$D:$D,1,Flow_LGA_Month!$C:$C,$A5) -> 1682 | M5: =SUMIFS(Flow_LGA_Month!$N:$N,Flow_LGA_Month!$A:$A,"QLD",Flow_LGA_Month!$D:$D,2,Flow_LGA_Month!$C:$C,$A5) -> 1873 | N5: =SUMIFS(Flow_LGA_Month!$N:$N,Flow_LGA_Month!$A:$A,"QLD",Flow_LGA_Month!$D:$D,3,Flow_LGA_Month!$C:$C,$A5) -> 1955 | O5: =SUMIFS(Flow_LGA_Month!$N:$N,Flow_LGA_Month!$A:$A,"QLD",Flow_LGA_Month!$D:$D,4,Flow_LGA_Month!$C:$C,$A5) -> 848 | P5: =SUMIFS(Flow_LGA_Month!$N:$N,Flow_LGA_Month!$A:$A,"QLD",Flow_LGA_Month!$D:$D,5,Flow_LGA_Month!$C:$C,$A5) -> 2982 | Q5: =SUMIFS(Flow_LGA_Month!$K:$K,Flow_LGA_Month!$A:$A,"QLD",Flow_LGA_Month!$D:$D,1,Flow_LGA_Month!$C:$C,$A5) -> 148 | R5: =SUMIFS(Flow_LGA_Month!$K:$K,Flow_LGA_Month!$A:$A,"QLD",Flow_LGA_Month!$D:$D,2,Flow_LGA_Month!$C:$C,$A5) -> 196 | S5: =SUMIFS(Flow_LGA_Month!$K:$K,Flow_LGA_Month!$A:$A,"QLD",Flow_LGA_Month!$D:$D,3,Flow_LGA_Month!$C:$C,$A5) -> 181 | T5: =SUMIFS(Flow_LGA_Month!$K:$K,Flow_LGA_Month!$A:$A,"QLD",Flow_LGA_Month!$D:$D,4,Flow_LGA_Month!$C:$C,$A5) -> 51 | U5: =SUMIFS(Flow_LGA_Month!$K:$K,Flow_LGA_Month!$A:$A,"QLD",Flow_LGA_Month!$D:$D,5,Flow_LGA_Month!$C:$C,$A5) -> 512 | V5: =IF(B5>0,G5/B5,"") -> 0.053734551 | W5: =IF(C5>0,H5/C5,"") -> 0.064152762 | X5: =IF(D5>0,I5/D5,"") -> 0.060665802 | Y5: =IF(E5>0,J5/E5,"") -> 0.086146983 | Z5: =IF(F5>0,K5/F5,"") -> 0.13775769 | AA5: =IF(SUM(B5:F5)>0,SUM(G5:K5)/SUM(B5:F5),"") -> 0.07891196 | AB5: =IF(L5>0,Q5/L5,"") -> 0.087990488 | AC5: =IF(M5>0,R5/M5,"") -> 0.10464495 | AD5: =IF(N5>0,S5/N5,"") -> 0.09258312 | AE5: =IF(O5>0,T5/O5,"") -> 0.060141509 | AF5: =IF(P5>0,U5/P5,"") -> 0.17169685 | AG5: =IF(SUM(L5:P5)>0,SUM(Q5:U5)/SUM(L5:P5),"") -> 0.11648822
A6: 44958 | B6: =SUMIFS(Flow_LGA_Month!$N:$N,Flow_LGA_Month!$A:$A,"NSW",Flow_LGA_Month!$D:$D,1,Flow_LGA_Month!$C:$C,$A6) -> 3448.042 | C6: =SUMIFS(Flow_LGA_Month!$N:$N,Flow_LGA_Month!$A:$A,"NSW",Flow_LGA_Month!$D:$D,2,Flow_LGA_Month!$C:$C,$A6) -> 3476.466 | D6: =SUMIFS(Flow_LGA_Month!$N:$N,Flow_LGA_Month!$A:$A,"NSW",Flow_LGA_Month!$D:$D,3,Flow_LGA_Month!$C:$C,$A6) -> 3879.807 | E6: =SUMIFS(Flow_LGA_Month!$N:$N,Flow_LGA_Month!$A:$A,"NSW",Flow_LGA_Month!$D:$D,4,Flow_LGA_Month!$C:$C,$A6) -> 3356.581 | F6: =SUMIFS(Flow_LGA_Month!$N:$N,Flow_LGA_Month!$A:$A,"NSW",Flow_LGA_Month!$D:$D,5,Flow_LGA_Month!$C:$C,$A6) -> 3243.905 | G6: =SUMIFS(Flow_LGA_Month!$K:$K,Flow_LGA_Month!$A:$A,"NSW",Flow_LGA_Month!$D:$D,1,Flow_LGA_Month!$C:$C,$A6) -> 198.9 | H6: =SUMIFS(Flow_LGA_Month!$K:$K,Flow_LGA_Month!$A:$A,"NSW",Flow_LGA_Month!$D:$D,2,Flow_LGA_Month!$C:$C,$A6) -> 230.775 | I6: =SUMIFS(Flow_LGA_Month!$K:$K,Flow_LGA_Month!$A:$A,"NSW",Flow_LGA_Month!$D:$D,3,Flow_LGA_Month!$C:$C,$A6) -> 297.975 | J6: =SUMIFS(Flow_LGA_Month!$K:$K,Flow_LGA_Month!$A:$A,"NSW",Flow_LGA_Month!$D:$D,4,Flow_LGA_Month!$C:$C,$A6) -> 398.7 | K6: =SUMIFS(Flow_LGA_Month!$K:$K,Flow_LGA_Month!$A:$A,"NSW",Flow_LGA_Month!$D:$D,5,Flow_LGA_Month!$C:$C,$A6) -> 555.525 | L6: =SUMIFS(Flow_LGA_Month!$N:$N,Flow_LGA_Month!$A:$A,"QLD",Flow_LGA_Month!$D:$D,1,Flow_LGA_Month!$C:$C,$A6) -> 1494 | M6: =SUMIFS(Flow_LGA_Month!$N:$N,Flow_LGA_Month!$A:$A,"QLD",Flow_LGA_Month!$D:$D,2,Flow_LGA_Month!$C:$C,$A6) -> 1756 | N6: =SUMIFS(Flow_LGA_Month!$N:$N,Flow_LGA_Month!$A:$A,"QLD",Flow_LGA_Month!$D:$D,3,Flow_LGA_Month!$C:$C,$A6) -> 1744 | O6: =SUMIFS(Flow_LGA_Month!$N:$N,Flow_LGA_Month!$A:$A,"QLD",Flow_LGA_Month!$D:$D,4,Flow_LGA_Month!$C:$C,$A6) -> 839 | P6: =SUMIFS(Flow_LGA_Month!$N:$N,Flow_LGA_Month!$A:$A,"QLD",Flow_LGA_Month!$D:$D,5,Flow_LGA_Month!$C:$C,$A6) -> 2566 | Q6: =SUMIFS(Flow_LGA_Month!$K:$K,Flow_LGA_Month!$A:$A,"QLD",Flow_LGA_Month!$D:$D,1,Flow_LGA_Month!$C:$C,$A6) -> 98 | R6: =SUMIFS(Flow_LGA_Month!$K:$K,Flow_LGA_Month!$A:$A,"QLD",Flow_LGA_Month!$D:$D,2,Flow_LGA_Month!$C:$C,$A6) -> 140 | S6: =SUMIFS(Flow_LGA_Month!$K:$K,Flow_LGA_Month!$A:$A,"QLD",Flow_LGA_Month!$D:$D,3,Flow_LGA_Month!$C:$C,$A6) -> 117 | T6: =SUMIFS(Flow_LGA_Month!$K:$K,Flow_LGA_Month!$A:$A,"QLD",Flow_LGA_Month!$D:$D,4,Flow_LGA_Month!$C:$C,$A6) -> 50 | U6: =SUMIFS(Flow_LGA_Month!$K:$K,Flow_LGA_Month!$A:$A,"QLD",Flow_LGA_Month!$D:$D,5,Flow_LGA_Month!$C:$C,$A6) -> 367 | V6: =IF(B6>0,G6/B6,"") -> 0.057684912 | W6: =IF(C6>0,H6/C6,"") -> 0.066382067 | X6: =IF(D6>0,I6/D6,"") -> 0.076801501 | Y6: =IF(E6>0,J6/E6,"") -> 0.11878158 | Z6: =IF(F6>0,K6/F6,"") -> 0.17125193 | AA6: =IF(SUM(B6:F6)>0,SUM(G6:K6)/SUM(B6:F6),"") -> 0.09663282 | AB6: =IF(L6>0,Q6/L6,"") -> 0.065595716 | AC6: =IF(M6>0,R6/M6,"") -> 0.079726651 | AD6: =IF(N6>0,S6/N6,"") -> 0.067087156 | AE6: =IF(O6>0,T6/O6,"") -> 0.059594756 | AF6: =IF(P6>0,U6/P6,"") -> 0.14302416 | AG6: =IF(SUM(L6:P6)>0,SUM(Q6:U6)/SUM(L6:P6),"") -> 0.091915704
A7: 44986 | B7: =SUMIFS(Flow_LGA_Month!$N:$N,Flow_LGA_Month!$A:$A,"NSW",Flow_LGA_Month!$D:$D,1,Flow_LGA_Month!$C:$C,$A7) -> 536.928 | C7: =SUMIFS(Flow_LGA_Month!$N:$N,Flow_LGA_Month!$A:$A,"NSW",Flow_LGA_Month!$D:$D,2,Flow_LGA_Month!$C:$C,$A7) -> 554.608 | D7: =SUMIFS(Flow_LGA_Month!$N:$N,Flow_LGA_Month!$A:$A,"NSW",Flow_LGA_Month!$D:$D,3,Flow_LGA_Month!$C:$C,$A7) -> 627.096 | E7: =SUMIFS(Flow_LGA_Month!$N:$N,Flow_LGA_Month!$A:$A,"NSW",Flow_LGA_Month!$D:$D,4,Flow_LGA_Month!$C:$C,$A7) -> 538.016 | F7: =SUMIFS(Flow_LGA_Month!$N:$N,Flow_LGA_Month!$A:$A,"NSW",Flow_LGA_Month!$D:$D,5,Flow_LGA_Month!$C:$C,$A7) -> 515.593 | G7: =SUMIFS(Flow_LGA_Month!$K:$K,Flow_LGA_Month!$A:$A,"NSW",Flow_LGA_Month!$D:$D,1,Flow_LGA_Month!$C:$C,$A7) -> 29.325 | H7: =SUMIFS(Flow_LGA_Month!$K:$K,Flow_LGA_Month!$A:$A,"NSW",Flow_LGA_Month!$D:$D,2,Flow_LGA_Month!$C:$C,$A7) -> 40.8 | I7: =SUMIFS(Flow_LGA_Month!$K:$K,Flow_LGA_Month!$A:$A,"NSW",Flow_LGA_Month!$D:$D,3,Flow_LGA_Month!$C:$C,$A7) -> 59.925 | J7: =SUMIFS(Flow_LGA_Month!$K:$K,Flow_LGA_Month!$A:$A,"NSW",Flow_LGA_Month!$D:$D,4,Flow_LGA_Month!$C:$C,$A7) -> 66.3 | K7: =SUMIFS(Flow_LGA_Month!$K:$K,Flow_LGA_Month!$A:$A,"NSW",Flow_LGA_Month!$D:$D,5,Flow_LGA_Month!$C:$C,$A7) -> 113.475 | L7: =SUMIFS(Flow_LGA_Month!$N:$N,Flow_LGA_Month!$A:$A,"QLD",Flow_LGA_Month!$D:$D,1,Flow_LGA_Month!$C:$C,$A7) -> 1846 | M7: =SUMIFS(Flow_LGA_Month!$N:$N,Flow_LGA_Month!$A:$A,"QLD",Flow_LGA_Month!$D:$D,2,Flow_LGA_Month!$C:$C,$A7) -> 2091 | N7: =SUMIFS(Flow_LGA_Month!$N:$N,Flow_LGA_Month!$A:$A,"QLD",Flow_LGA_Month!$D:$D,3,Flow_LGA_Month!$C:$C,$A7) -> 2195 | O7: =SUMIFS(Flow_LGA_Month!$N:$N,Flow_LGA_Month!$A:$A,"QLD",Flow_LGA_Month!$D:$D,4,Flow_LGA_Month!$C:$C,$A7) -> 1022 | P7: =SUMIFS(Flow_LGA_Month!$N:$N,Flow_LGA_Month!$A:$A,"QLD",Flow_LGA_Month!$D:$D,5,Flow_LGA_Month!$C:$C,$A7) -> 3275 | Q7: =SUMIFS(Flow_LGA_Month!$K:$K,Flow_LGA_Month!$A:$A,"QLD",Flow_LGA_Month!$D:$D,1,Flow_LGA_Month!$C:$C,$A7) -> 106 | R7: =SUMIFS(Flow_LGA_Month!$K:$K,Flow_LGA_Month!$A:$A,"QLD",Flow_LGA_Month!$D:$D,2,Flow_LGA_Month!$C:$C,$A7) -> 182 | S7: =SUMIFS(Flow_LGA_Month!$K:$K,Flow_LGA_Month!$A:$A,"QLD",Flow_LGA_Month!$D:$D,3,Flow_LGA_Month!$C:$C,$A7) -> 141 | T7: =SUMIFS(Flow_LGA_Month!$K:$K,Flow_LGA_Month!$A:$A,"QLD",Flow_LGA_Month!$D:$D,4,Flow_LGA_Month!$C:$C,$A7) -> 58 | U7: =SUMIFS(Flow_LGA_Month!$K:$K,Flow_LGA_Month!$A:$A,"QLD",Flow_LGA_Month!$D:$D,5,Flow_LGA_Month!$C:$C,$A7) -> 421 | V7: =IF(B7>0,G7/B7,"") -> 0.054616261 | W7: =IF(C7>0,H7/C7,"") -> 0.073565473 | X7: =IF(D7>0,I7/D7,"") -> 0.095559532 | Y7: =IF(E7>0,J7/E7,"") -> 0.12323054 | Z7: =IF(F7>0,K7/F7,"") -> 0.22008639 | AA7: =IF(SUM(B7:F7)>0,SUM(G7:K7)/SUM(B7:F7),"") -> 0.11175976 | AB7: =IF(L7>0,Q7/L7,"") -> 0.057421452 | AC7: =IF(M7>0,R7/M7,"") -> 0.087039694 | AD7: =IF(N7>0,S7/N7,"") -> 0.064236902 | AE7: =IF(O7>0,T7/O7,"") -> 0.056751468 | AF7: =IF(P7>0,U7/P7,"") -> 0.12854962 | AG7: =IF(SUM(L7:P7)>0,SUM(Q7:U7)/SUM(L7:P7),"") -> 0.087064915
A8: 45017 | B8: =SUMIFS(Flow_LGA_Month!$N:$N,Flow_LGA_Month!$A:$A,"NSW",Flow_LGA_Month!$D:$D,1,Flow_LGA_Month!$C:$C,$A8) -> 1212.27 | C8: =SUMIFS(Flow_LGA_Month!$N:$N,Flow_LGA_Month!$A:$A,"NSW",Flow_LGA_Month!$D:$D,2,Flow_LGA_Month!$C:$C,$A8) -> 1367.344 | D8: =SUMIFS(Flow_LGA_Month!$N:$N,Flow_LGA_Month!$A:$A,"NSW",Flow_LGA_Month!$D:$D,3,Flow_LGA_Month!$C:$C,$A8) -> 1436.568 | E8: =SUMIFS(Flow_LGA_Month!$N:$N,Flow_LGA_Month!$A:$A,"NSW",Flow_LGA_Month!$D:$D,4,Flow_LGA_Month!$C:$C,$A8) -> 1240.898 | F8: =SUMIFS(Flow_LGA_Month!$N:$N,Flow_LGA_Month!$A:$A,"NSW",Flow_LGA_Month!$D:$D,5,Flow_LGA_Month!$C:$C,$A8) -> 1217.71 | G8: =SUMIFS(Flow_LGA_Month!$K:$K,Flow_LGA_Month!$A:$A,"NSW",Flow_LGA_Month!$D:$D,1,Flow_LGA_Month!$C:$C,$A8) -> 34.425 | H8: =SUMIFS(Flow_LGA_Month!$K:$K,Flow_LGA_Month!$A:$A,"NSW",Flow_LGA_Month!$D:$D,2,Flow_LGA_Month!$C:$C,$A8) -> 75.225 | I8: =SUMIFS(Flow_LGA_Month!$K:$K,Flow_LGA_Month!$A:$A,"NSW",Flow_LGA_Month!$D:$D,3,Flow_LGA_Month!$C:$C,$A8) -> 66.3 | J8: =SUMIFS(Flow_LGA_Month!$K:$K,Flow_LGA_Month!$A:$A,"NSW",Flow_LGA_Month!$D:$D,4,Flow_LGA_Month!$C:$C,$A8) -> 85.425 | K8: =SUMIFS(Flow_LGA_Month!$K:$K,Flow_LGA_Month!$A:$A,"NSW",Flow_LGA_Month!$D:$D,5,Flow_LGA_Month!$C:$C,$A8) -> 141.525 | L8: =SUMIFS(Flow_LGA_Month!$N:$N,Flow_LGA_Month!$A:$A,"QLD",Flow_LGA_Month!$D:$D,1,Flow_LGA_Month!$C:$C,$A8) -> 1577 | M8: =SUMIFS(Flow_LGA_Month!$N:$N,Flow_LGA_Month!$A:$A,"QLD",Flow_LGA_Month!$D:$D,2,Flow_LGA_Month!$C:$C,$A8) -> 1746 | N8: =SUMIFS(Flow_LGA_Month!$N:$N,Flow_LGA_Month!$A:$A,"QLD",Flow_LGA_Month!$D:$D,3,Flow_LGA_Month!$C:$C,$A8) -> 1893 | O8: =SUMIFS(Flow_LGA_Month!$N:$N,Flow_LGA_Month!$A:$A,"QLD",Flow_LGA_Month!$D:$D,4,Flow_LGA_Month!$C:$C,$A8) -> 789 | P8: =SUMIFS(Flow_LGA_Month!$N:$N,Flow_LGA_Month!$A:$A,"QLD",Flow_LGA_Month!$D:$D,5,Flow_LGA_Month!$C:$C,$A8) -> 2889 | Q8: =SUMIFS(Flow_LGA_Month!$K:$K,Flow_LGA_Month!$A:$A,"QLD",Flow_LGA_Month!$D:$D,1,Flow_LGA_Month!$C:$C,$A8) -> 113 | R8: =SUMIFS(Flow_LGA_Month!$K:$K,Flow_LGA_Month!$A:$A,"QLD",Flow_LGA_Month!$D:$D,2,Flow_LGA_Month!$C:$C,$A8) -> 201 | S8: =SUMIFS(Flow_LGA_Month!$K:$K,Flow_LGA_Month!$A:$A,"QLD",Flow_LGA_Month!$D:$D,3,Flow_LGA_Month!$C:$C,$A8) -> 164 | T8: =SUMIFS(Flow_LGA_Month!$K:$K,Flow_LGA_Month!$A:$A,"QLD",Flow_LGA_Month!$D:$D,4,Flow_LGA_Month!$C:$C,$A8) -> 48 | U8: =SUMIFS(Flow_LGA_Month!$K:$K,Flow_LGA_Month!$A:$A,"QLD",Flow_LGA_Month!$D:$D,5,Flow_LGA_Month!$C:$C,$A8) -> 483 | V8: =IF(B8>0,G8/B8,"") -> 0.028397139 | W8: =IF(C8>0,H8/C8,"") -> 0.055015417 | X8: =IF(D8>0,I8/D8,"") -> 0.046151661 | Y8: =IF(E8>0,J8/E8,"") -> 0.068841275 | Z8: =IF(F8>0,K8/F8,"") -> 0.11622225 | AA8: =IF(SUM(B8:F8)>0,SUM(G8:K8)/SUM(B8:F8),"") -> 0.062225956 | AB8: =IF(L8>0,Q8/L8,"") -> 0.071655041 | AC8: =IF(M8>0,R8/M8,"") -> 0.11512027 | AD8: =IF(N8>0,S8/N8,"") -> 0.086634971 | AE8: =IF(O8>0,T8/O8,"") -> 0.060836502 | AF8: =IF(P8>0,U8/P8,"") -> 0.16718588 | AG8: =IF(SUM(L8:P8)>0,SUM(Q8:U8)/SUM(L8:P8),"") -> 0.11344727
A9: 45047 | B9: =SUMIFS(Flow_LGA_Month!$N:$N,Flow_LGA_Month!$A:$A,"NSW",Flow_LGA_Month!$D:$D,1,Flow_LGA_Month!$C:$C,$A9) -> 4560.522 | C9: =SUMIFS(Flow_LGA_Month!$N:$N,Flow_LGA_Month!$A:$A,"NSW",Flow_LGA_Month!$D:$D,2,Flow_LGA_Month!$C:$C,$A9) -> 4615.381 | D9: =SUMIFS(Flow_LGA_Month!$N:$N,Flow_LGA_Month!$A:$A,"NSW",Flow_LGA_Month!$D:$D,3,Flow_LGA_Month!$C:$C,$A9) -> 4897.53 | E9: =SUMIFS(Flow_LGA_Month!$N:$N,Flow_LGA_Month!$A:$A,"NSW",Flow_LGA_Month!$D:$D,4,Flow_LGA_Month!$C:$C,$A9) -> 4171.424 | F9: =SUMIFS(Flow_LGA_Month!$N:$N,Flow_LGA_Month!$A:$A,"NSW",Flow_LGA_Month!$D:$D,5,Flow_LGA_Month!$C:$C,$A9) -> 4324.796 | G9: =SUMIFS(Flow_LGA_Month!$K:$K,Flow_LGA_Month!$A:$A,"NSW",Flow_LGA_Month!$D:$D,1,Flow_LGA_Month!$C:$C,$A9) -> 215.475 | H9: =SUMIFS(Flow_LGA_Month!$K:$K,Flow_LGA_Month!$A:$A,"NSW",Flow_LGA_Month!$D:$D,2,Flow_LGA_Month!$C:$C,$A9) -> 260.1 | I9: =SUMIFS(Flow_LGA_Month!$K:$K,Flow_LGA_Month!$A:$A,"NSW",Flow_LGA_Month!$D:$D,3,Flow_LGA_Month!$C:$C,$A9) -> 360.825 | J9: =SUMIFS(Flow_LGA_Month!$K:$K,Flow_LGA_Month!$A:$A,"NSW",Flow_LGA_Month!$D:$D,4,Flow_LGA_Month!$C:$C,$A9) -> 443.325 | K9: =SUMIFS(Flow_LGA_Month!$K:$K,Flow_LGA_Month!$A:$A,"NSW",Flow_LGA_Month!$D:$D,5,Flow_LGA_Month!$C:$C,$A9) -> 673.825 | L9: =SUMIFS(Flow_LGA_Month!$N:$N,Flow_LGA_Month!$A:$A,"QLD",Flow_LGA_Month!$D:$D,1,Flow_LGA_Month!$C:$C,$A9) -> 1724 | M9: =SUMIFS(Flow_LGA_Month!$N:$N,Flow_LGA_Month!$A:$A,"QLD",Flow_LGA_Month!$D:$D,2,Flow_LGA_Month!$C:$C,$A9) -> 2084 | N9: =SUMIFS(Flow_LGA_Month!$N:$N,Flow_LGA_Month!$A:$A,"QLD",Flow_LGA_Month!$D:$D,3,Flow_LGA_Month!$C:$C,$A9) -> 2096 | O9: =SUMIFS(Flow_LGA_Month!$N:$N,Flow_LGA_Month!$A:$A,"QLD",Flow_LGA_Month!$D:$D,4,Flow_LGA_Month!$C:$C,$A9) -> 985 | P9: =SUMIFS(Flow_LGA_Month!$N:$N,Flow_LGA_Month!$A:$A,"QLD",Flow_LGA_Month!$D:$D,5,Flow_LGA_Month!$C:$C,$A9) -> 3268 | Q9: =SUMIFS(Flow_LGA_Month!$K:$K,Flow_LGA_Month!$A:$A,"QLD",Flow_LGA_Month!$D:$D,1,Flow_LGA_Month!$C:$C,$A9) -> 89 | R9: =SUMIFS(Flow_LGA_Month!$K:$K,Flow_LGA_Month!$A:$A,"QLD",Flow_LGA_Month!$D:$D,2,Flow_LGA_Month!$C:$C,$A9) -> 168 | S9: =SUMIFS(Flow_LGA_Month!$K:$K,Flow_LGA_Month!$A:$A,"QLD",Flow_LGA_Month!$D:$D,3,Flow_LGA_Month!$C:$C,$A9) -> 134 | T9: =SUMIFS(Flow_LGA_Month!$K:$K,Flow_LGA_Month!$A:$A,"QLD",Flow_LGA_Month!$D:$D,4,Flow_LGA_Month!$C:$C,$A9) -> 36 | U9: =SUMIFS(Flow_LGA_Month!$K:$K,Flow_LGA_Month!$A:$A,"QLD",Flow_LGA_Month!$D:$D,5,Flow_LGA_Month!$C:$C,$A9) -> 395 | V9: =IF(B9>0,G9/B9,"") -> 0.047247881 | W9: =IF(C9>0,H9/C9,"") -> 0.056355044 | X9: =IF(D9>0,I9/D9,"") -> 0.073674893 | Y9: =IF(E9>0,J9/E9,"") -> 0.10627666 | Z9: =IF(F9>0,K9/F9,"") -> 0.15580504 | AA9: =IF(SUM(B9:F9)>0,SUM(G9:K9)/SUM(B9:F9),"") -> 0.086556492 | AB9: =IF(L9>0,Q9/L9,"") -> 0.05162413 | AC9: =IF(M9>0,R9/M9,"") -> 0.080614203 | AD9: =IF(N9>0,S9/N9,"") -> 0.063931298 | AE9: =IF(O9>0,T9/O9,"") -> 0.036548223 | AF9: =IF(P9>0,U9/P9,"") -> 0.12086903 | AG9: =IF(SUM(L9:P9)>0,SUM(Q9:U9)/SUM(L9:P9),"") -> 0.080929408
A10: 45078 | B10: =SUMIFS(Flow_LGA_Month!$N:$N,Flow_LGA_Month!$A:$A,"NSW",Flow_LGA_Month!$D:$D,1,Flow_LGA_Month!$C:$C,$A10) -> 4985.98 | C10: =SUMIFS(Flow_LGA_Month!$N:$N,Flow_LGA_Month!$A:$A,"NSW",Flow_LGA_Month!$D:$D,2,Flow_LGA_Month!$C:$C,$A10) -> 5311.82 | D10: =SUMIFS(Flow_LGA_Month!$N:$N,Flow_LGA_Month!$A:$A,"NSW",Flow_LGA_Month!$D:$D,3,Flow_LGA_Month!$C:$C,$A10) -> 5666.168 | E10: =SUMIFS(Flow_LGA_Month!$N:$N,Flow_LGA_Month!$A:$A,"NSW",Flow_LGA_Month!$D:$D,4,Flow_LGA_Month!$C:$C,$A10) -> 4813.408 | F10: =SUMIFS(Flow_LGA_Month!$N:$N,Flow_LGA_Month!$A:$A,"NSW",Flow_LGA_Month!$D:$D,5,Flow_LGA_Month!$C:$C,$A10) -> 4770.213 | G10: =SUMIFS(Flow_LGA_Month!$K:$K,Flow_LGA_Month!$A:$A,"NSW",Flow_LGA_Month!$D:$D,1,Flow_LGA_Month!$C:$C,$A10) -> 212.925 | H10: =SUMIFS(Flow_LGA_Month!$K:$K,Flow_LGA_Month!$A:$A,"NSW",Flow_LGA_Month!$D:$D,2,Flow_LGA_Month!$C:$C,$A10) -> 277.95 | I10: =SUMIFS(Flow_LGA_Month!$K:$K,Flow_LGA_Month!$A:$A,"NSW",Flow_LGA_Month!$D:$D,3,Flow_LGA_Month!$C:$C,$A10) -> 344.25 | J10: =SUMIFS(Flow_LGA_Month!$K:$K,Flow_LGA_Month!$A:$A,"NSW",Flow_LGA_Month!$D:$D,4,Flow_LGA_Month!$C:$C,$A10) -> 455.475 | K10: =SUMIFS(Flow_LGA_Month!$K:$K,Flow_LGA_Month!$A:$A,"NSW",Flow_LGA_Month!$D:$D,5,Flow_LGA_Month!$C:$C,$A10) -> 681.475 | L10: =SUMIFS(Flow_LGA_Month!$N:$N,Flow_LGA_Month!$A:$A,"QLD",Flow_LGA_Month!$D:$D,1,Flow_LGA_Month!$C:$C,$A10) -> 2035 | M10: =SUMIFS(Flow_LGA_Month!$N:$N,Flow_LGA_Month!$A:$A,"QLD",Flow_LGA_Month!$D:$D,2,Flow_LGA_Month!$C:$C,$A10) -> 2449 | N10: =SUMIFS(Flow_LGA_Month!$N:$N,Flow_LGA_Month!$A:$A,"QLD",Flow_LGA_Month!$D:$D,3,Flow_LGA_Month!$C:$C,$A10) -> 2459 | O10: =SUMIFS(Flow_LGA_Month!$N:$N,Flow_LGA_Month!$A:$A,"QLD",Flow_LGA_Month!$D:$D,4,Flow_LGA_Month!$C:$C,$A10) -> 1047 | P10: =SUMIFS(Flow_LGA_Month!$N:$N,Flow_LGA_Month!$A:$A,"QLD",Flow_LGA_Month!$D:$D,5,Flow_LGA_Month!$C:$C,$A10) -> 3837 | Q10: =SUMIFS(Flow_LGA_Month!$K:$K,Flow_LGA_Month!$A:$A,"QLD",Flow_LGA_Month!$D:$D,1,Flow_LGA_Month!$C:$C,$A10) -> 154 | R10: =SUMIFS(Flow_LGA_Month!$K:$K,Flow_LGA_Month!$A:$A,"QLD",Flow_LGA_Month!$D:$D,2,Flow_LGA_Month!$C:$C,$A10) -> 254 | S10: =SUMIFS(Flow_LGA_Month!$K:$K,Flow_LGA_Month!$A:$A,"QLD",Flow_LGA_Month!$D:$D,3,Flow_LGA_Month!$C:$C,$A10) -> 218 | T10: =SUMIFS(Flow_LGA_Month!$K:$K,Flow_LGA_Month!$A:$A,"QLD",Flow_LGA_Month!$D:$D,4,Flow_LGA_Month!$C:$C,$A10) -> 48 | U10: =SUMIFS(Flow_LGA_Month!$K:$K,Flow_LGA_Month!$A:$A,"QLD",Flow_LGA_Month!$D:$D,5,Flow_LGA_Month!$C:$C,$A10) -> 658 | V10: =IF(B10>0,G10/B10,"") -> 0.042704744 | W10: =IF(C10>0,H10/C10,"") -> 0.052326698 | X10: =IF(D10>0,I10/D10,"") -> 0.060755346 | Y10: =IF(E10>0,J10/E10,"") -> 0.094626302 | Z10: =IF(F10>0,K10/F10,"") -> 0.1428605 | AA10: =IF(SUM(B10:F10)>0,SUM(G10:K10)/SUM(B10:F10),"") -> 0.077192216 | AB10: =IF(L10>0,Q10/L10,"") -> 0.075675676 | AC10: =IF(M10>0,R10/M10,"") -> 0.1037158 | AD10: =IF(N10>0,S10/N10,"") -> 0.088653924 | AE10: =IF(O10>0,T10/O10,"") -> 0.045845272 | AF10: =IF(P10>0,U10/P10,"") -> 0.17148814 | AG10: =IF(SUM(L10:P10)>0,SUM(Q10:U10)/SUM(L10:P10),"") -> 0.11262366
A11: 45108 | B11: =SUMIFS(Flow_LGA_Month!$N:$N,Flow_LGA_Month!$A:$A,"NSW",Flow_LGA_Month!$D:$D,1,Flow_LGA_Month!$C:$C,$A11) -> 4536.518 | C11: =SUMIFS(Flow_LGA_Month!$N:$N,Flow_LGA_Month!$A:$A,"NSW",Flow_LGA_Month!$D:$D,2,Flow_LGA_Month!$C:$C,$A11) -> 4608.53 | D11: =SUMIFS(Flow_LGA_Month!$N:$N,Flow_LGA_Month!$A:$A,"NSW",Flow_LGA_Month!$D:$D,3,Flow_LGA_Month!$C:$C,$A11) -> 5054.422 | E11: =SUMIFS(Flow_LGA_Month!$N:$N,Flow_LGA_Month!$A:$A,"NSW",Flow_LGA_Month!$D:$D,4,Flow_LGA_Month!$C:$C,$A11) -> 4472.376 | F11: =SUMIFS(Flow_LGA_Month!$N:$N,Flow_LGA_Month!$A:$A,"NSW",Flow_LGA_Month!$D:$D,5,Flow_LGA_Month!$C:$C,$A11) -> 4508.893 | G11: =SUMIFS(Flow_LGA_Month!$K:$K,Flow_LGA_Month!$A:$A,"NSW",Flow_LGA_Month!$D:$D,1,Flow_LGA_Month!$C:$C,$A11) -> 235.875 | H11: =SUMIFS(Flow_LGA_Month!$K:$K,Flow_LGA_Month!$A:$A,"NSW",Flow_LGA_Month!$D:$D,2,Flow_LGA_Month!$C:$C,$A11) -> 234.6 | I11: =SUMIFS(Flow_LGA_Month!$K:$K,Flow_LGA_Month!$A:$A,"NSW",Flow_LGA_Month!$D:$D,3,Flow_LGA_Month!$C:$C,$A11) -> 354.075 | J11: =SUMIFS(Flow_LGA_Month!$K:$K,Flow_LGA_Month!$A:$A,"NSW",Flow_LGA_Month!$D:$D,4,Flow_LGA_Month!$C:$C,$A11) -> 439.45 | K11: =SUMIFS(Flow_LGA_Month!$K:$K,Flow_LGA_Month!$A:$A,"NSW",Flow_LGA_Month!$D:$D,5,Flow_LGA_Month!$C:$C,$A11) -> 605.625 | L11: =SUMIFS(Flow_LGA_Month!$N:$N,Flow_LGA_Month!$A:$A,"QLD",Flow_LGA_Month!$D:$D,1,Flow_LGA_Month!$C:$C,$A11) -> 1873 | M11: =SUMIFS(Flow_LGA_Month!$N:$N,Flow_LGA_Month!$A:$A,"QLD",Flow_LGA_Month!$D:$D,2,Flow_LGA_Month!$C:$C,$A11) -> 1987 | N11: =SUMIFS(Flow_LGA_Month!$N:$N,Flow_LGA_Month!$A:$A,"QLD",Flow_LGA_Month!$D:$D,3,Flow_LGA_Month!$C:$C,$A11) -> 2245 | O11: =SUMIFS(Flow_LGA_Month!$N:$N,Flow_LGA_Month!$A:$A,"QLD",Flow_LGA_Month!$D:$D,4,Flow_LGA_Month!$C:$C,$A11) -> 990 | P11: =SUMIFS(Flow_LGA_Month!$N:$N,Flow_LGA_Month!$A:$A,"QLD",Flow_LGA_Month!$D:$D,5,Flow_LGA_Month!$C:$C,$A11) -> 3137 | Q11: =SUMIFS(Flow_LGA_Month!$K:$K,Flow_LGA_Month!$A:$A,"QLD",Flow_LGA_Month!$D:$D,1,Flow_LGA_Month!$C:$C,$A11) -> 72 | R11: =SUMIFS(Flow_LGA_Month!$K:$K,Flow_LGA_Month!$A:$A,"QLD",Flow_LGA_Month!$D:$D,2,Flow_LGA_Month!$C:$C,$A11) -> 165 | S11: =SUMIFS(Flow_LGA_Month!$K:$K,Flow_LGA_Month!$A:$A,"QLD",Flow_LGA_Month!$D:$D,3,Flow_LGA_Month!$C:$C,$A11) -> 148 | T11: =SUMIFS(Flow_LGA_Month!$K:$K,Flow_LGA_Month!$A:$A,"QLD",Flow_LGA_Month!$D:$D,4,Flow_LGA_Month!$C:$C,$A11) -> 37 | U11: =SUMIFS(Flow_LGA_Month!$K:$K,Flow_LGA_Month!$A:$A,"QLD",Flow_LGA_Month!$D:$D,5,Flow_LGA_Month!$C:$C,$A11) -> 375 | V11: =IF(B11>0,G11/B11,"") -> 0.051994724 | W11: =IF(C11>0,H11/C11,"") -> 0.050905603 | X11: =IF(D11>0,I11/D11,"") -> 0.07005252 | Y11: =IF(E11>0,J11/E11,"") -> 0.098258733 | Z11: =IF(F11>0,K11/F11,"") -> 0.13431789 | AA11: =IF(SUM(B11:F11)>0,SUM(G11:K11)/SUM(B11:F11),"") -> 0.080654245 | AB11: =IF(L11>0,Q11/L11,"") -> 0.038441004 | AC11: =IF(M11>0,R11/M11,"") -> 0.083039758 | AD11: =IF(N11>0,S11/N11,"") -> 0.065924276 | AE11: =IF(O11>0,T11/O11,"") -> 0.037373737 | AF11: =IF(P11>0,U11/P11,"") -> 0.11954096 | AG11: =IF(SUM(L11:P11)>0,SUM(Q11:U11)/SUM(L11:P11),"") -> 0.077892885
A12: 45139 | B12: =SUMIFS(Flow_LGA_Month!$N:$N,Flow_LGA_Month!$A:$A,"NSW",Flow_LGA_Month!$D:$D,1,Flow_LGA_Month!$C:$C,$A12) -> 5254.005 | C12: =SUMIFS(Flow_LGA_Month!$N:$N,Flow_LGA_Month!$A:$A,"NSW",Flow_LGA_Month!$D:$D,2,Flow_LGA_Month!$C:$C,$A12) -> 5507.253 | D12: =SUMIFS(Flow_LGA_Month!$N:$N,Flow_LGA_Month!$A:$A,"NSW",Flow_LGA_Month!$D:$D,3,Flow_LGA_Month!$C:$C,$A12) -> 5977.234 | E12: =SUMIFS(Flow_LGA_Month!$N:$N,Flow_LGA_Month!$A:$A,"NSW",Flow_LGA_Month!$D:$D,4,Flow_LGA_Month!$C:$C,$A12) -> 5074.855 | F12: =SUMIFS(Flow_LGA_Month!$N:$N,Flow_LGA_Month!$A:$A,"NSW",Flow_LGA_Month!$D:$D,5,Flow_LGA_Month!$C:$C,$A12) -> 5014.082 | G12: =SUMIFS(Flow_LGA_Month!$K:$K,Flow_LGA_Month!$A:$A,"NSW",Flow_LGA_Month!$D:$D,1,Flow_LGA_Month!$C:$C,$A12) -> 191.25 | H12: =SUMIFS(Flow_LGA_Month!$K:$K,Flow_LGA_Month!$A:$A,"NSW",Flow_LGA_Month!$D:$D,2,Flow_LGA_Month!$C:$C,$A12) -> 223.125 | I12: =SUMIFS(Flow_LGA_Month!$K:$K,Flow_LGA_Month!$A:$A,"NSW",Flow_LGA_Month!$D:$D,3,Flow_LGA_Month!$C:$C,$A12) -> 313.65 | J12: =SUMIFS(Flow_LGA_Month!$K:$K,Flow_LGA_Month!$A:$A,"NSW",Flow_LGA_Month!$D:$D,4,Flow_LGA_Month!$C:$C,$A12) -> 430.575 | K12: =SUMIFS(Flow_LGA_Month!$K:$K,Flow_LGA_Month!$A:$A,"NSW",Flow_LGA_Month!$D:$D,5,Flow_LGA_Month!$C:$C,$A12) -> 563.55 | L12: =SUMIFS(Flow_LGA_Month!$N:$N,Flow_LGA_Month!$A:$A,"QLD",Flow_LGA_Month!$D:$D,1,Flow_LGA_Month!$C:$C,$A12) -> 1998 | M12: =SUMIFS(Flow_LGA_Month!$N:$N,Flow_LGA_Month!$A:$A,"QLD",Flow_LGA_Month!$D:$D,2,Flow_LGA_Month!$C:$C,$A12) -> 2356 | N12: =SUMIFS(Flow_LGA_Month!$N:$N,Flow_LGA_Month!$A:$A,"QLD",Flow_LGA_Month!$D:$D,3,Flow_LGA_Month!$C:$C,$A12) -> 2427 | O12: =SUMIFS(Flow_LGA_Month!$N:$N,Flow_LGA_Month!$A:$A,"QLD",Flow_LGA_Month!$D:$D,4,Flow_LGA_Month!$C:$C,$A12) -> 1100 | P12: =SUMIFS(Flow_LGA_Month!$N:$N,Flow_LGA_Month!$A:$A,"QLD",Flow_LGA_Month!$D:$D,5,Flow_LGA_Month!$C:$C,$A12) -> 3687 | Q12: =SUMIFS(Flow_LGA_Month!$K:$K,Flow_LGA_Month!$A:$A,"QLD",Flow_LGA_Month!$D:$D,1,Flow_LGA_Month!$C:$C,$A12) -> 179 | R12: =SUMIFS(Flow_LGA_Month!$K:$K,Flow_LGA_Month!$A:$A,"QLD",Flow_LGA_Month!$D:$D,2,Flow_LGA_Month!$C:$C,$A12) -> 330 | S12: =SUMIFS(Flow_LGA_Month!$K:$K,Flow_LGA_Month!$A:$A,"QLD",Flow_LGA_Month!$D:$D,3,Flow_LGA_Month!$C:$C,$A12) -> 271 | T12: =SUMIFS(Flow_LGA_Month!$K:$K,Flow_LGA_Month!$A:$A,"QLD",Flow_LGA_Month!$D:$D,4,Flow_LGA_Month!$C:$C,$A12) -> 102 | U12: =SUMIFS(Flow_LGA_Month!$K:$K,Flow_LGA_Month!$A:$A,"QLD",Flow_LGA_Month!$D:$D,5,Flow_LGA_Month!$C:$C,$A12) -> 762 | V12: =IF(B12>0,G12/B12,"") -> 0.036400803 | W12: =IF(C12>0,H12/C12,"") -> 0.040514754 | X12: =IF(D12>0,I12/D12,"") -> 0.052474104 | Y12: =IF(E12>0,J12/E12,"") -> 0.084844789 | Z12: =IF(F12>0,K12/F12,"") -> 0.11239346 | AA12: =IF(SUM(B12:F12)>0,SUM(G12:K12)/SUM(B12:F12),"") -> 0.064193628 | AB12: =IF(L12>0,Q12/L12,"") -> 0.08958959 | AC12: =IF(M12>0,R12/M12,"") -> 0.14006791 | AD12: =IF(N12>0,S12/N12,"") -> 0.11166049 | AE12: =IF(O12>0,T12/O12,"") -> 0.092727273 | AF12: =IF(P12>0,U12/P12,"") -> 0.20667209 | AG12: =IF(SUM(L12:P12)>0,SUM(Q12:U12)/SUM(L12:P12),"") -> 0.14211618
A13: 45170 | B13: =SUMIFS(Flow_LGA_Month!$N:$N,Flow_LGA_Month!$A:$A,"NSW",Flow_LGA_Month!$D:$D,1,Flow_LGA_Month!$C:$C,$A13) -> 5180.09 | C13: =SUMIFS(Flow_LGA_Month!$N:$N,Flow_LGA_Month!$A:$A,"NSW",Flow_LGA_Month!$D:$D,2,Flow_LGA_Month!$C:$C,$A13) -> 5689.011 | D13: =SUMIFS(Flow_LGA_Month!$N:$N,Flow_LGA_Month!$A:$A,"NSW",Flow_LGA_Month!$D:$D,3,Flow_LGA_Month!$C:$C,$A13) -> 6083.11 | E13: =SUMIFS(Flow_LGA_Month!$N:$N,Flow_LGA_Month!$A:$A,"NSW",Flow_LGA_Month!$D:$D,4,Flow_LGA_Month!$C:$C,$A13) -> 5274.518 | F13: =SUMIFS(Flow_LGA_Month!$N:$N,Flow_LGA_Month!$A:$A,"NSW",Flow_LGA_Month!$D:$D,5,Flow_LGA_Month!$C:$C,$A13) -> 5344.951 | G13: =SUMIFS(Flow_LGA_Month!$K:$K,Flow_LGA_Month!$A:$A,"NSW",Flow_LGA_Month!$D:$D,1,Flow_LGA_Month!$C:$C,$A13) -> 303.45 | H13: =SUMIFS(Flow_LGA_Month!$K:$K,Flow_LGA_Month!$A:$A,"NSW",Flow_LGA_Month!$D:$D,2,Flow_LGA_Month!$C:$C,$A13) -> 357 | I13: =SUMIFS(Flow_LGA_Month!$K:$K,Flow_LGA_Month!$A:$A,"NSW",Flow_LGA_Month!$D:$D,3,Flow_LGA_Month!$C:$C,$A13) -> 512.15 | J13: =SUMIFS(Flow_LGA_Month!$K:$K,Flow_LGA_Month!$A:$A,"NSW",Flow_LGA_Month!$D:$D,4,Flow_LGA_Month!$C:$C,$A13) -> 587.35 | K13: =SUMIFS(Flow_LGA_Month!$K:$K,Flow_LGA_Month!$A:$A,"NSW",Flow_LGA_Month!$D:$D,5,Flow_LGA_Month!$C:$C,$A13) -> 794 | L13: =SUMIFS(Flow_LGA_Month!$N:$N,Flow_LGA_Month!$A:$A,"QLD",Flow_LGA_Month!$D:$D,1,Flow_LGA_Month!$C:$C,$A13) -> 2010 | M13: =SUMIFS(Flow_LGA_Month!$N:$N,Flow_LGA_Month!$A:$A,"QLD",Flow_LGA_Month!$D:$D,2,Flow_LGA_Month!$C:$C,$A13) -> 2398 | N13: =SUMIFS(Flow_LGA_Month!$N:$N,Flow_LGA_Month!$A:$A,"QLD",Flow_LGA_Month!$D:$D,3,Flow_LGA_Month!$C:$C,$A13) -> 2346 | O13: =SUMIFS(Flow_LGA_Month!$N:$N,Flow_LGA_Month!$A:$A,"QLD",Flow_LGA_Month!$D:$D,4,Flow_LGA_Month!$C:$C,$A13) -> 1118 | P13: =SUMIFS(Flow_LGA_Month!$N:$N,Flow_LGA_Month!$A:$A,"QLD",Flow_LGA_Month!$D:$D,5,Flow_LGA_Month!$C:$C,$A13) -> 3497 | Q13: =SUMIFS(Flow_LGA_Month!$K:$K,Flow_LGA_Month!$A:$A,"QLD",Flow_LGA_Month!$D:$D,1,Flow_LGA_Month!$C:$C,$A13) -> 144 | R13: =SUMIFS(Flow_LGA_Month!$K:$K,Flow_LGA_Month!$A:$A,"QLD",Flow_LGA_Month!$D:$D,2,Flow_LGA_Month!$C:$C,$A13) -> 310 | S13: =SUMIFS(Flow_LGA_Month!$K:$K,Flow_LGA_Month!$A:$A,"QLD",Flow_LGA_Month!$D:$D,3,Flow_LGA_Month!$C:$C,$A13) -> 217 | T13: =SUMIFS(Flow_LGA_Month!$K:$K,Flow_LGA_Month!$A:$A,"QLD",Flow_LGA_Month!$D:$D,4,Flow_LGA_Month!$C:$C,$A13) -> 73 | U13: =SUMIFS(Flow_LGA_Month!$K:$K,Flow_LGA_Month!$A:$A,"QLD",Flow_LGA_Month!$D:$D,5,Flow_LGA_Month!$C:$C,$A13) -> 546 | V13: =IF(B13>0,G13/B13,"") -> 0.058580063 | W13: =IF(C13>0,H13/C13,"") -> 0.062752559 | X13: =IF(D13>0,I13/D13,"") -> 0.084192132 | Y13: =IF(E13>0,J13/E13,"") -> 0.11135615 | Z13: =IF(F13>0,K13/F13,"") -> 0.14855141 | AA13: =IF(SUM(B13:F13)>0,SUM(G13:K13)/SUM(B13:F13),"") -> 0.092629466 | AB13: =IF(L13>0,Q13/L13,"") -> 0.071641791 | AC13: =IF(M13>0,R13/M13,"") -> 0.1292744 | AD13: =IF(N13>0,S13/N13,"") -> 0.092497869 | AE13: =IF(O13>0,T13/O13,"") -> 0.06529517 | AF13: =IF(P13>0,U13/P13,"") -> 0.15613383 | AG13: =IF(SUM(L13:P13)>0,SUM(Q13:U13)/SUM(L13:P13),"") -> 0.11346644
A14: 45200 | B14: =SUMIFS(Flow_LGA_Month!$N:$N,Flow_LGA_Month!$A:$A,"NSW",Flow_LGA_Month!$D:$D,1,Flow_LGA_Month!$C:$C,$A14) -> 4875.073 | C14: =SUMIFS(Flow_LGA_Month!$N:$N,Flow_LGA_Month!$A:$A,"NSW",Flow_LGA_Month!$D:$D,2,Flow_LGA_Month!$C:$C,$A14) -> 5387.81 | D14: =SUMIFS(Flow_LGA_Month!$N:$N,Flow_LGA_Month!$A:$A,"NSW",Flow_LGA_Month!$D:$D,3,Flow_LGA_Month!$C:$C,$A14) -> 5766.79 | E14: =SUMIFS(Flow_LGA_Month!$N:$N,Flow_LGA_Month!$A:$A,"NSW",Flow_LGA_Month!$D:$D,4,Flow_LGA_Month!$C:$C,$A14) -> 4632.414 | F14: =SUMIFS(Flow_LGA_Month!$N:$N,Flow_LGA_Month!$A:$A,"NSW",Flow_LGA_Month!$D:$D,5,Flow_LGA_Month!$C:$C,$A14) -> 4757.552 | G14: =SUMIFS(Flow_LGA_Month!$K:$K,Flow_LGA_Month!$A:$A,"NSW",Flow_LGA_Month!$D:$D,1,Flow_LGA_Month!$C:$C,$A14) -> 205.275 | H14: =SUMIFS(Flow_LGA_Month!$K:$K,Flow_LGA_Month!$A:$A,"NSW",Flow_LGA_Month!$D:$D,2,Flow_LGA_Month!$C:$C,$A14) -> 216.75 | I14: =SUMIFS(Flow_LGA_Month!$K:$K,Flow_LGA_Month!$A:$A,"NSW",Flow_LGA_Month!$D:$D,3,Flow_LGA_Month!$C:$C,$A14) -> 317.475 | J14: =SUMIFS(Flow_LGA_Month!$K:$K,Flow_LGA_Month!$A:$A,"NSW",Flow_LGA_Month!$D:$D,4,Flow_LGA_Month!$C:$C,$A14) -> 393.975 | K14: =SUMIFS(Flow_LGA_Month!$K:$K,Flow_LGA_Month!$A:$A,"NSW",Flow_LGA_Month!$D:$D,5,Flow_LGA_Month!$C:$C,$A14) -> 540.6 | L14: =SUMIFS(Flow_LGA_Month!$N:$N,Flow_LGA_Month!$A:$A,"QLD",Flow_LGA_Month!$D:$D,1,Flow_LGA_Month!$C:$C,$A14) -> 1936 | M14: =SUMIFS(Flow_LGA_Month!$N:$N,Flow_LGA_Month!$A:$A,"QLD",Flow_LGA_Month!$D:$D,2,Flow_LGA_Month!$C:$C,$A14) -> 2091 | N14: =SUMIFS(Flow_LGA_Month!$N:$N,Flow_LGA_Month!$A:$A,"QLD",Flow_LGA_Month!$D:$D,3,Flow_LGA_Month!$C:$C,$A14) -> 2273 | O14: =SUMIFS(Flow_LGA_Month!$N:$N,Flow_LGA_Month!$A:$A,"QLD",Flow_LGA_Month!$D:$D,4,Flow_LGA_Month!$C:$C,$A14) -> 1103 | P14: =SUMIFS(Flow_LGA_Month!$N:$N,Flow_LGA_Month!$A:$A,"QLD",Flow_LGA_Month!$D:$D,5,Flow_LGA_Month!$C:$C,$A14) -> 3241 | Q14: =SUMIFS(Flow_LGA_Month!$K:$K,Flow_LGA_Month!$A:$A,"QLD",Flow_LGA_Month!$D:$D,1,Flow_LGA_Month!$C:$C,$A14) -> 120 | R14: =SUMIFS(Flow_LGA_Month!$K:$K,Flow_LGA_Month!$A:$A,"QLD",Flow_LGA_Month!$D:$D,2,Flow_LGA_Month!$C:$C,$A14) -> 151 | S14: =SUMIFS(Flow_LGA_Month!$K:$K,Flow_LGA_Month!$A:$A,"QLD",Flow_LGA_Month!$D:$D,3,Flow_LGA_Month!$C:$C,$A14) -> 163 | T14: =SUMIFS(Flow_LGA_Month!$K:$K,Flow_LGA_Month!$A:$A,"QLD",Flow_LGA_Month!$D:$D,4,Flow_LGA_Month!$C:$C,$A14) -> 57 | U14: =SUMIFS(Flow_LGA_Month!$K:$K,Flow_LGA_Month!$A:$A,"QLD",Flow_LGA_Month!$D:$D,5,Flow_LGA_Month!$C:$C,$A14) -> 357 | V14: =IF(B14>0,G14/B14,"") -> 0.042107062 | W14: =IF(C14>0,H14/C14,"") -> 0.040229704 | X14: =IF(D14>0,I14/D14,"") -> 0.055052291 | Y14: =IF(E14>0,J14/E14,"") -> 0.08504745 | Z14: =IF(F14>0,K14/F14,"") -> 0.11362987 | AA14: =IF(SUM(B14:F14)>0,SUM(G14:K14)/SUM(B14:F14),"") -> 0.065857544 | AB14: =IF(L14>0,Q14/L14,"") -> 0.061983471 | AC14: =IF(M14>0,R14/M14,"") -> 0.072214252 | AD14: =IF(N14>0,S14/N14,"") -> 0.071711395 | AE14: =IF(O14>0,T14/O14,"") -> 0.051677244 | AF14: =IF(P14>0,U14/P14,"") -> 0.11015119 | AG14: =IF(SUM(L14:P14)>0,SUM(Q14:U14)/SUM(L14:P14),"") -> 0.079669297
A15: 45231 | B15: =SUMIFS(Flow_LGA_Month!$N:$N,Flow_LGA_Month!$A:$A,"NSW",Flow_LGA_Month!$D:$D,1,Flow_LGA_Month!$C:$C,$A15) -> 5111.144 | C15: =SUMIFS(Flow_LGA_Month!$N:$N,Flow_LGA_Month!$A:$A,"NSW",Flow_LGA_Month!$D:$D,2,Flow_LGA_Month!$C:$C,$A15) -> 5320.405 | D15: =SUMIFS(Flow_LGA_Month!$N:$N,Flow_LGA_Month!$A:$A,"NSW",Flow_LGA_Month!$D:$D,3,Flow_LGA_Month!$C:$C,$A15) -> 5840.457 | E15: =SUMIFS(Flow_LGA_Month!$N:$N,Flow_LGA_Month!$A:$A,"NSW",Flow_LGA_Month!$D:$D,4,Flow_LGA_Month!$C:$C,$A15) -> 4878.938 | F15: =SUMIFS(Flow_LGA_Month!$N:$N,Flow_LGA_Month!$A:$A,"NSW",Flow_LGA_Month!$D:$D,5,Flow_LGA_Month!$C:$C,$A15) -> 4779.451 | G15: =SUMIFS(Flow_LGA_Month!$K:$K,Flow_LGA_Month!$A:$A,"NSW",Flow_LGA_Month!$D:$D,1,Flow_LGA_Month!$C:$C,$A15) -> 300.9 | H15: =SUMIFS(Flow_LGA_Month!$K:$K,Flow_LGA_Month!$A:$A,"NSW",Flow_LGA_Month!$D:$D,2,Flow_LGA_Month!$C:$C,$A15) -> 311.1 | I15: =SUMIFS(Flow_LGA_Month!$K:$K,Flow_LGA_Month!$A:$A,"NSW",Flow_LGA_Month!$D:$D,3,Flow_LGA_Month!$C:$C,$A15) -> 465.45 | J15: =SUMIFS(Flow_LGA_Month!$K:$K,Flow_LGA_Month!$A:$A,"NSW",Flow_LGA_Month!$D:$D,4,Flow_LGA_Month!$C:$C,$A15) -> 574.625 | K15: =SUMIFS(Flow_LGA_Month!$K:$K,Flow_LGA_Month!$A:$A,"NSW",Flow_LGA_Month!$D:$D,5,Flow_LGA_Month!$C:$C,$A15) -> 733.825 | L15: =SUMIFS(Flow_LGA_Month!$N:$N,Flow_LGA_Month!$A:$A,"QLD",Flow_LGA_Month!$D:$D,1,Flow_LGA_Month!$C:$C,$A15) -> 2177 | M15: =SUMIFS(Flow_LGA_Month!$N:$N,Flow_LGA_Month!$A:$A,"QLD",Flow_LGA_Month!$D:$D,2,Flow_LGA_Month!$C:$C,$A15) -> 2279 | N15: =SUMIFS(Flow_LGA_Month!$N:$N,Flow_LGA_Month!$A:$A,"QLD",Flow_LGA_Month!$D:$D,3,Flow_LGA_Month!$C:$C,$A15) -> 2443 | O15: =SUMIFS(Flow_LGA_Month!$N:$N,Flow_LGA_Month!$A:$A,"QLD",Flow_LGA_Month!$D:$D,4,Flow_LGA_Month!$C:$C,$A15) -> 1096 | P15: =SUMIFS(Flow_LGA_Month!$N:$N,Flow_LGA_Month!$A:$A,"QLD",Flow_LGA_Month!$D:$D,5,Flow_LGA_Month!$C:$C,$A15) -> 3571 | Q15: =SUMIFS(Flow_LGA_Month!$K:$K,Flow_LGA_Month!$A:$A,"QLD",Flow_LGA_Month!$D:$D,1,Flow_LGA_Month!$C:$C,$A15) -> 197 | R15: =SUMIFS(Flow_LGA_Month!$K:$K,Flow_LGA_Month!$A:$A,"QLD",Flow_LGA_Month!$D:$D,2,Flow_LGA_Month!$C:$C,$A15) -> 350 | S15: =SUMIFS(Flow_LGA_Month!$K:$K,Flow_LGA_Month!$A:$A,"QLD",Flow_LGA_Month!$D:$D,3,Flow_LGA_Month!$C:$C,$A15) -> 247 | T15: =SUMIFS(Flow_LGA_Month!$K:$K,Flow_LGA_Month!$A:$A,"QLD",Flow_LGA_Month!$D:$D,4,Flow_LGA_Month!$C:$C,$A15) -> 92 | U15: =SUMIFS(Flow_LGA_Month!$K:$K,Flow_LGA_Month!$A:$A,"QLD",Flow_LGA_Month!$D:$D,5,Flow_LGA_Month!$C:$C,$A15) -> 755 | V15: =IF(B15>0,G15/B15,"") -> 0.05887136 | W15: =IF(C15>0,H15/C15,"") -> 0.058472992 | X15: =IF(D15>0,I15/D15,"") -> 0.079694106 | Y15: =IF(E15>0,J15/E15,"") -> 0.11777666 | Z15: =IF(F15>0,K15/F15,"") -> 0.15353751 | AA15: =IF(SUM(B15:F15)>0,SUM(G15:K15)/SUM(B15:F15),"") -> 0.092011711 | AB15: =IF(L15>0,Q15/L15,"") -> 0.090491502 | AC15: =IF(M15>0,R15/M15,"") -> 0.15357613 | AD15: =IF(N15>0,S15/N15,"") -> 0.1011052 | AE15: =IF(O15>0,T15/O15,"") -> 0.083941606 | AF15: =IF(P15>0,U15/P15,"") -> 0.21142537 | AG15: =IF(SUM(L15:P15)>0,SUM(Q15:U15)/SUM(L15:P15),"") -> 0.14188138
A16: 45261 | B16: =SUMIFS(Flow_LGA_Month!$N:$N,Flow_LGA_Month!$A:$A,"NSW",Flow_LGA_Month!$D:$D,1,Flow_LGA_Month!$C:$C,$A16) -> 3919.061 | C16: =SUMIFS(Flow_LGA_Month!$N:$N,Flow_LGA_Month!$A:$A,"NSW",Flow_LGA_Month!$D:$D,2,Flow_LGA_Month!$C:$C,$A16) -> 3859.272 | D16: =SUMIFS(Flow_LGA_Month!$N:$N,Flow_LGA_Month!$A:$A,"NSW",Flow_LGA_Month!$D:$D,3,Flow_LGA_Month!$C:$C,$A16) -> 4262.07 | E16: =SUMIFS(Flow_LGA_Month!$N:$N,Flow_LGA_Month!$A:$A,"NSW",Flow_LGA_Month!$D:$D,4,Flow_LGA_Month!$C:$C,$A16) -> 3337.797 | F16: =SUMIFS(Flow_LGA_Month!$N:$N,Flow_LGA_Month!$A:$A,"NSW",Flow_LGA_Month!$D:$D,5,Flow_LGA_Month!$C:$C,$A16) -> 3407.633 | G16: =SUMIFS(Flow_LGA_Month!$K:$K,Flow_LGA_Month!$A:$A,"NSW",Flow_LGA_Month!$D:$D,1,Flow_LGA_Month!$C:$C,$A16) -> 206.55 | H16: =SUMIFS(Flow_LGA_Month!$K:$K,Flow_LGA_Month!$A:$A,"NSW",Flow_LGA_Month!$D:$D,2,Flow_LGA_Month!$C:$C,$A16) -> 225.675 | I16: =SUMIFS(Flow_LGA_Month!$K:$K,Flow_LGA_Month!$A:$A,"NSW",Flow_LGA_Month!$D:$D,3,Flow_LGA_Month!$C:$C,$A16) -> 335.325 | J16: =SUMIFS(Flow_LGA_Month!$K:$K,Flow_LGA_Month!$A:$A,"NSW",Flow_LGA_Month!$D:$D,4,Flow_LGA_Month!$C:$C,$A16) -> 346.8 | K16: =SUMIFS(Flow_LGA_Month!$K:$K,Flow_LGA_Month!$A:$A,"NSW",Flow_LGA_Month!$D:$D,5,Flow_LGA_Month!$C:$C,$A16) -> 439.875 | L16: =SUMIFS(Flow_LGA_Month!$N:$N,Flow_LGA_Month!$A:$A,"QLD",Flow_LGA_Month!$D:$D,1,Flow_LGA_Month!$C:$C,$A16) -> 1771 | M16: =SUMIFS(Flow_LGA_Month!$N:$N,Flow_LGA_Month!$A:$A,"QLD",Flow_LGA_Month!$D:$D,2,Flow_LGA_Month!$C:$C,$A16) -> 1903 | N16: =SUMIFS(Flow_LGA_Month!$N:$N,Flow_LGA_Month!$A:$A,"QLD",Flow_LGA_Month!$D:$D,3,Flow_LGA_Month!$C:$C,$A16) -> 1943 | O16: =SUMIFS(Flow_LGA_Month!$N:$N,Flow_LGA_Month!$A:$A,"QLD",Flow_LGA_Month!$D:$D,4,Flow_LGA_Month!$C:$C,$A16) -> 917 | P16: =SUMIFS(Flow_LGA_Month!$N:$N,Flow_LGA_Month!$A:$A,"QLD",Flow_LGA_Month!$D:$D,5,Flow_LGA_Month!$C:$C,$A16) -> 2865 | Q16: =SUMIFS(Flow_LGA_Month!$K:$K,Flow_LGA_Month!$A:$A,"QLD",Flow_LGA_Month!$D:$D,1,Flow_LGA_Month!$C:$C,$A16) -> 123 | R16: =SUMIFS(Flow_LGA_Month!$K:$K,Flow_LGA_Month!$A:$A,"QLD",Flow_LGA_Month!$D:$D,2,Flow_LGA_Month!$C:$C,$A16) -> 208 | S16: =SUMIFS(Flow_LGA_Month!$K:$K,Flow_LGA_Month!$A:$A,"QLD",Flow_LGA_Month!$D:$D,3,Flow_LGA_Month!$C:$C,$A16) -> 164 | T16: =SUMIFS(Flow_LGA_Month!$K:$K,Flow_LGA_Month!$A:$A,"QLD",Flow_LGA_Month!$D:$D,4,Flow_LGA_Month!$C:$C,$A16) -> 74 | U16: =SUMIFS(Flow_LGA_Month!$K:$K,Flow_LGA_Month!$A:$A,"QLD",Flow_LGA_Month!$D:$D,5,Flow_LGA_Month!$C:$C,$A16) -> 451 | V16: =IF(B16>0,G16/B16,"") -> 0.052703951 | W16: =IF(C16>0,H16/C16,"") -> 0.058476055 | X16: =IF(D16>0,I16/D16,"") -> 0.078676559 | Y16: =IF(E16>0,J16/E16,"") -> 0.10390087 | Z16: =IF(F16>0,K16/F16,"") -> 0.1290852 | AA16: =IF(SUM(B16:F16)>0,SUM(G16:K16)/SUM(B16:F16),"") -> 0.082733888 | AB16: =IF(L16>0,Q16/L16,"") -> 0.069452287 | AC16: =IF(M16>0,R16/M16,"") -> 0.1093011 | AD16: =IF(N16>0,S16/N16,"") -> 0.084405558 | AE16: =IF(O16>0,T16/O16,"") -> 0.080697928 | AF16: =IF(P16>0,U16/P16,"") -> 0.1574171 | AG16: =IF(SUM(L16:P16)>0,SUM(Q16:U16)/SUM(L16:P16),"") -> 0.10852218
... A48: 46235 | B48: =SUMIFS(Flow_LGA_Month!$N:$N,Flow_LGA_Month!$A:$A,"NSW",Flow_LGA_Month!$D:$D,1,Flow_LGA_Month!$C:$C,$A48) -> 4152.606 | C48: =SUMIFS(Flow_LGA_Month!$N:$N,Flow_LGA_Month!$A:$A,"NSW",Flow_LGA_Month!$D:$D,2,Flow_LGA_Month!$C:$C,$A48) -> 4414.577 | D48: =SUMIFS(Flow_LGA_Month!$N:$N,Flow_LGA_Month!$A:$A,"NSW",Flow_LGA_Month!$D:$D,3,Flow_LGA_Month!$C:$C,$A48) -> 5074.09 | E48: =SUMIFS(Flow_LGA_Month!$N:$N,Flow_LGA_Month!$A:$A,"NSW",Flow_LGA_Month!$D:$D,4,Flow_LGA_Month!$C:$C,$A48) -> 4260.611 | F48: =SUMIFS(Flow_LGA_Month!$N:$N,Flow_LGA_Month!$A:$A,"NSW",Flow_LGA_Month!$D:$D,5,Flow_LGA_Month!$C:$C,$A48) -> 4076.102 | G48: =SUMIFS(Flow_LGA_Month!$K:$K,Flow_LGA_Month!$A:$A,"NSW",Flow_LGA_Month!$D:$D,1,Flow_LGA_Month!$C:$C,$A48) -> 787.575 | H48: =SUMIFS(Flow_LGA_Month!$K:$K,Flow_LGA_Month!$A:$A,"NSW",Flow_LGA_Month!$D:$D,2,Flow_LGA_Month!$C:$C,$A48) -> 877.2 | I48: =SUMIFS(Flow_LGA_Month!$K:$K,Flow_LGA_Month!$A:$A,"NSW",Flow_LGA_Month!$D:$D,3,Flow_LGA_Month!$C:$C,$A48) -> 1211.775 | J48: =SUMIFS(Flow_LGA_Month!$K:$K,Flow_LGA_Month!$A:$A,"NSW",Flow_LGA_Month!$D:$D,4,Flow_LGA_Month!$C:$C,$A48) -> 1270.55 | K48: =SUMIFS(Flow_LGA_Month!$K:$K,Flow_LGA_Month!$A:$A,"NSW",Flow_LGA_Month!$D:$D,5,Flow_LGA_Month!$C:$C,$A48) -> 1541.3 | L48: =SUMIFS(Flow_LGA_Month!$N:$N,Flow_LGA_Month!$A:$A,"QLD",Flow_LGA_Month!$D:$D,1,Flow_LGA_Month!$C:$C,$A48) -> 2157 | M48: =SUMIFS(Flow_LGA_Month!$N:$N,Flow_LGA_Month!$A:$A,"QLD",Flow_LGA_Month!$D:$D,2,Flow_LGA_Month!$C:$C,$A48) -> 2246 | N48: =SUMIFS(Flow_LGA_Month!$N:$N,Flow_LGA_Month!$A:$A,"QLD",Flow_LGA_Month!$D:$D,3,Flow_LGA_Month!$C:$C,$A48) -> 2548 | O48: =SUMIFS(Flow_LGA_Month!$N:$N,Flow_LGA_Month!$A:$A,"QLD",Flow_LGA_Month!$D:$D,4,Flow_LGA_Month!$C:$C,$A48) -> 1136 | P48: =SUMIFS(Flow_LGA_Month!$N:$N,Flow_LGA_Month!$A:$A,"QLD",Flow_LGA_Month!$D:$D,5,Flow_LGA_Month!$C:$C,$A48) -> 3620 | Q48: =SUMIFS(Flow_LGA_Month!$K:$K,Flow_LGA_Month!$A:$A,"QLD",Flow_LGA_Month!$D:$D,1,Flow_LGA_Month!$C:$C,$A48) -> 517 | R48: =SUMIFS(Flow_LGA_Month!$K:$K,Flow_LGA_Month!$A:$A,"QLD",Flow_LGA_Month!$D:$D,2,Flow_LGA_Month!$C:$C,$A48) -> 722 | S48: =SUMIFS(Flow_LGA_Month!$K:$K,Flow_LGA_Month!$A:$A,"QLD",Flow_LGA_Month!$D:$D,3,Flow_LGA_Month!$C:$C,$A48) -> 741 | T48: =SUMIFS(Flow_LGA_Month!$K:$K,Flow_LGA_Month!$A:$A,"QLD",Flow_LGA_Month!$D:$D,4,Flow_LGA_Month!$C:$C,$A48) -> 293 | U48: =SUMIFS(Flow_LGA_Month!$K:$K,Flow_LGA_Month!$A:$A,"QLD",Flow_LGA_Month!$D:$D,5,Flow_LGA_Month!$C:$C,$A48) -> 1557 | V48: =IF(B48>0,G48/B48,"") -> 0.18965801 | W48: =IF(C48>0,H48/C48,"") -> 0.19870533 | X48: =IF(D48>0,I48/D48,"") -> 0.23881622 | Y48: =IF(E48>0,J48/E48,"") -> 0.2982084 | Z48: =IF(F48>0,K48/F48,"") -> 0.37813087 | AA48: =IF(SUM(B48:F48)>0,SUM(G48:K48)/SUM(B48:F48),"") -> 0.25882262 | AB48: =IF(L48>0,Q48/L48,"") -> 0.23968475 | AC48: =IF(M48>0,R48/M48,"") -> 0.32146037 | AD48: =IF(N48>0,S48/N48,"") -> 0.29081633 | AE48: =IF(O48>0,T48/O48,"") -> 0.25792254 | AF48: =IF(P48>0,U48/P48,"") -> 0.4301105 | AG48: =IF(SUM(L48:P48)>0,SUM(Q48:U48)/SUM(L48:P48),"") -> 0.32715469

Sheet Stock_Group
A1: Registered fleet (stock) by income group
A2: NSW: TfNSW registration snapshot, light vehicles, quarter ends. QLD: BEVs seen in any transaction since Jan 2022 at their last known LGA (QLD publishes no regional fleet-by-fuel snapshot). VIC: DTP whole-fleet snapshot by postcode.
A4: Month | B4: NSW light vehicles Q1 (lowest) | C4: NSW light vehicles Q2 | D4: NSW light vehicles Q3 | E4: NSW light vehicles Q4 | F4: NSW light vehicles Q5 (highest) | G4: NSW BEV Q1 (lowest) | H4: NSW BEV Q2 | I4: NSW BEV Q3 | J4: NSW BEV Q4 | K4: NSW BEV Q5 (highest) | L4: NSW BEV per 1,000 light vehicles Q1 (lowest) | M4: NSW BEV per 1,000 light vehicles Q2 | N4: NSW BEV per 1,000 light vehicles Q3 | O4: NSW BEV per 1,000 light vehicles Q4 | P4: NSW BEV per 1,000 light vehicles Q5 (highest) | Q4: NSW BEV per 1,000 light vehicles all | R4: NSW BEV per 1,000 earners Q1 (lowest) | S4: NSW BEV per 1,000 earners Q2 | T4: NSW BEV per 1,000 earners Q3 | U4: NSW BEV per 1,000 earners Q4 | V4: NSW BEV per 1,000 earners Q5 (highest) | W4: NSW BEV per 1,000 earners all
A5: 44805 | B5: =SUMIFS(Stock_NSW_LGA!$M:$M,Stock_NSW_LGA!$C:$C,1,Stock_NSW_LGA!$B:$B,$A5) -> 1301648.4 | C5: =SUMIFS(Stock_NSW_LGA!$M:$M,Stock_NSW_LGA!$C:$C,2,Stock_NSW_LGA!$B:$B,$A5) -> 1076229.1 | D5: =SUMIFS(Stock_NSW_LGA!$M:$M,Stock_NSW_LGA!$C:$C,3,Stock_NSW_LGA!$B:$B,$A5) -> 1167473.8 | E5: =SUMIFS(Stock_NSW_LGA!$M:$M,Stock_NSW_LGA!$C:$C,4,Stock_NSW_LGA!$B:$B,$A5) -> 941714.6 | F5: =SUMIFS(Stock_NSW_LGA!$M:$M,Stock_NSW_LGA!$C:$C,5,Stock_NSW_LGA!$B:$B,$A5) -> 822234.38 | G5: =SUMIFS(Stock_NSW_LGA!$J:$J,Stock_NSW_LGA!$C:$C,1,Stock_NSW_LGA!$B:$B,$A5) -> 2769.44 | H5: =SUMIFS(Stock_NSW_LGA!$J:$J,Stock_NSW_LGA!$C:$C,2,Stock_NSW_LGA!$B:$B,$A5) -> 2649.04 | I5: =SUMIFS(Stock_NSW_LGA!$J:$J,Stock_NSW_LGA!$C:$C,3,Stock_NSW_LGA!$B:$B,$A5) -> 3418.6 | J5: =SUMIFS(Stock_NSW_LGA!$J:$J,Stock_NSW_LGA!$C:$C,4,Stock_NSW_LGA!$B:$B,$A5) -> 5006.68 | K5: =SUMIFS(Stock_NSW_LGA!$J:$J,Stock_NSW_LGA!$C:$C,5,Stock_NSW_LGA!$B:$B,$A5) -> 7165.4 | L5: =IF(B5>0,G5/B5*1000,"") -> 2.1276406 | M5: =IF(C5>0,H5/C5*1000,"") -> 2.4614091 | N5: =IF(D5>0,I5/D5*1000,"") -> 2.9282028 | O5: =IF(E5>0,J5/E5*1000,"") -> 5.3165577 | P5: =IF(F5>0,K5/F5*1000,"") -> 8.7145468 | Q5: =SUM(G5:K5)/SUM(B5:F5)*1000 -> 3.9570488 | R5: =IF(SUMIFS(LGA_Summary!$E:$E,LGA_Summary!$A:$A,"NSW",LGA_Summary!$F:$F,1)>0,G5/SUMIFS(LGA_Summary!$E:$E,LGA_Summary!$A:$A,"NSW",LGA_Summary!$F:$F,1)*1000,"") -> 2.434938 | S5: =IF(SUMIFS(LGA_Summary!$E:$E,LGA_Summary!$A:$A,"NSW",LGA_Summary!$F:$F,2)>0,H5/SUMIFS(LGA_Summary!$E:$E,LGA_Summary!$A:$A,"NSW",LGA_Summary!$F:$F,2)*1000,"") -> 2.7648398 | T5: =IF(SUMIFS(LGA_Summary!$E:$E,LGA_Summary!$A:$A,"NSW",LGA_Summary!$F:$F,3)>0,I5/SUMIFS(LGA_Summary!$E:$E,LGA_Summary!$A:$A,"NSW",LGA_Summary!$F:$F,3)*1000,"") -> 2.9728352 | U5: =IF(SUMIFS(LGA_Summary!$E:$E,LGA_Summary!$A:$A,"NSW",LGA_Summary!$F:$F,4)>0,J5/SUMIFS(LGA_Summary!$E:$E,LGA_Summary!$A:$A,"NSW",LGA_Summary!$F:$F,4)*1000,"") -> 4.5180241 | V5: =IF(SUMIFS(LGA_Summary!$E:$E,LGA_Summary!$A:$A,"NSW",LGA_Summary!$F:$F,5)>0,K5/SUMIFS(LGA_Summary!$E:$E,LGA_Summary!$A:$A,"NSW",LGA_Summary!$F:$F,5)*1000,"") -> 7.1106903 | W5: =SUM(G5:K5)/SUMIFS(LGA_Summary!$E:$E,LGA_Summary!$A:$A,"NSW")*1000 -> 3.9186763
A6: 44896 | B6: =SUMIFS(Stock_NSW_LGA!$M:$M,Stock_NSW_LGA!$C:$C,1,Stock_NSW_LGA!$B:$B,$A6) -> 1308704.5 | C6: =SUMIFS(Stock_NSW_LGA!$M:$M,Stock_NSW_LGA!$C:$C,2,Stock_NSW_LGA!$B:$B,$A6) -> 1081350.3 | D6: =SUMIFS(Stock_NSW_LGA!$M:$M,Stock_NSW_LGA!$C:$C,3,Stock_NSW_LGA!$B:$B,$A6) -> 1173902.4 | E6: =SUMIFS(Stock_NSW_LGA!$M:$M,Stock_NSW_LGA!$C:$C,4,Stock_NSW_LGA!$B:$B,$A6) -> 947084.24 | F6: =SUMIFS(Stock_NSW_LGA!$M:$M,Stock_NSW_LGA!$C:$C,5,Stock_NSW_LGA!$B:$B,$A6) -> 825515.63 | G6: =SUMIFS(Stock_NSW_LGA!$J:$J,Stock_NSW_LGA!$C:$C,1,Stock_NSW_LGA!$B:$B,$A6) -> 3218.64 | H6: =SUMIFS(Stock_NSW_LGA!$J:$J,Stock_NSW_LGA!$C:$C,2,Stock_NSW_LGA!$B:$B,$A6) -> 3088.32 | I6: =SUMIFS(Stock_NSW_LGA!$J:$J,Stock_NSW_LGA!$C:$C,3,Stock_NSW_LGA!$B:$B,$A6) -> 3982.16 | J6: =SUMIFS(Stock_NSW_LGA!$J:$J,Stock_NSW_LGA!$C:$C,4,Stock_NSW_LGA!$B:$B,$A6) -> 5989.84 | K6: =SUMIFS(Stock_NSW_LGA!$J:$J,Stock_NSW_LGA!$C:$C,5,Stock_NSW_LGA!$B:$B,$A6) -> 8109.84 | L6: =IF(B6>0,G6/B6*1000,"") -> 2.4594093 | M6: =IF(C6>0,H6/C6*1000,"") -> 2.8559849 | N6: =IF(D6>0,I6/D6*1000,"") -> 3.3922411 | O6: =IF(E6>0,J6/E6*1000,"") -> 6.3245061 | P6: =IF(F6>0,K6/F6*1000,"") -> 9.8239691 | Q6: =SUM(G6:K6)/SUM(B6:F6)*1000 -> 4.5701376 | R6: =IF(SUMIFS(LGA_Summary!$E:$E,LGA_Summary!$A:$A,"NSW",LGA_Summary!$F:$F,1)>0,G6/SUMIFS(LGA_Summary!$E:$E,LGA_Summary!$A:$A,"NSW",LGA_Summary!$F:$F,1)*1000,"") -> 2.8298821 | S6: =IF(SUMIFS(LGA_Summary!$E:$E,LGA_Summary!$A:$A,"NSW",LGA_Summary!$F:$F,2)>0,H6/SUMIFS(LGA_Summary!$E:$E,LGA_Summary!$A:$A,"NSW",LGA_Summary!$F:$F,2)*1000,"") -> 3.2233224 | T6: =IF(SUMIFS(LGA_Summary!$E:$E,LGA_Summary!$A:$A,"NSW",LGA_Summary!$F:$F,3)>0,I6/SUMIFS(LGA_Summary!$E:$E,LGA_Summary!$A:$A,"NSW",LGA_Summary!$F:$F,3)*1000,"") -> 3.4629104 | U6: =IF(SUMIFS(LGA_Summary!$E:$E,LGA_Summary!$A:$A,"NSW",LGA_Summary!$F:$F,4)>0,J6/SUMIFS(LGA_Summary!$E:$E,LGA_Summary!$A:$A,"NSW",LGA_Summary!$F:$F,4)*1000,"") -> 5.4052269 | V6: =IF(SUMIFS(LGA_Summary!$E:$E,LGA_Summary!$A:$A,"NSW",LGA_Summary!$F:$F,5)>0,K6/SUMIFS(LGA_Summary!$E:$E,LGA_Summary!$A:$A,"NSW",LGA_Summary!$F:$F,5)*1000,"") -> 8.0479193 | W6: =SUM(G6:K6)/SUMIFS(LGA_Summary!$E:$E,LGA_Summary!$A:$A,"NSW")*1000 -> 4.5490544
A7: 44986 | B7: =SUMIFS(Stock_NSW_LGA!$M:$M,Stock_NSW_LGA!$C:$C,1,Stock_NSW_LGA!$B:$B,$A7) -> 1313400.4 | C7: =SUMIFS(Stock_NSW_LGA!$M:$M,Stock_NSW_LGA!$C:$C,2,Stock_NSW_LGA!$B:$B,$A7) -> 1085927.3 | D7: =SUMIFS(Stock_NSW_LGA!$M:$M,Stock_NSW_LGA!$C:$C,3,Stock_NSW_LGA!$B:$B,$A7) -> 1178550.9 | E7: =SUMIFS(Stock_NSW_LGA!$M:$M,Stock_NSW_LGA!$C:$C,4,Stock_NSW_LGA!$B:$B,$A7) -> 952963.93 | F7: =SUMIFS(Stock_NSW_LGA!$M:$M,Stock_NSW_LGA!$C:$C,5,Stock_NSW_LGA!$B:$B,$A7) -> 829949.32 | G7: =SUMIFS(Stock_NSW_LGA!$J:$J,Stock_NSW_LGA!$C:$C,1,Stock_NSW_LGA!$B:$B,$A7) -> 4072.52 | H7: =SUMIFS(Stock_NSW_LGA!$J:$J,Stock_NSW_LGA!$C:$C,2,Stock_NSW_LGA!$B:$B,$A7) -> 4043.52 | I7: =SUMIFS(Stock_NSW_LGA!$J:$J,Stock_NSW_LGA!$C:$C,3,Stock_NSW_LGA!$B:$B,$A7) -> 5194.52 | J7: =SUMIFS(Stock_NSW_LGA!$J:$J,Stock_NSW_LGA!$C:$C,4,Stock_NSW_LGA!$B:$B,$A7) -> 7659.92 | K7: =SUMIFS(Stock_NSW_LGA!$J:$J,Stock_NSW_LGA!$C:$C,5,Stock_NSW_LGA!$B:$B,$A7) -> 10341.2 | L7: =IF(B7>0,G7/B7*1000,"") -> 3.1007453 | M7: =IF(C7>0,H7/C7*1000,"") -> 3.7235642 | N7: =IF(D7>0,I7/D7*1000,"") -> 4.4075483 | O7: =IF(E7>0,J7/E7*1000,"") -> 8.0379958 | P7: =IF(F7>0,K7/F7*1000,"") -> 12.460038 | Q7: =SUM(G7:K7)/SUM(B7:F7)*1000 -> 5.8408685 | R7: =IF(SUMIFS(LGA_Summary!$E:$E,LGA_Summary!$A:$A,"NSW",LGA_Summary!$F:$F,1)>0,G7/SUMIFS(LGA_Summary!$E:$E,LGA_Summary!$A:$A,"NSW",LGA_Summary!$F:$F,1)*1000,"") -> 3.5806277 | S7: =IF(SUMIFS(LGA_Summary!$E:$E,LGA_Summary!$A:$A,"NSW",LGA_Summary!$F:$F,2)>0,H7/SUMIFS(LGA_Summary!$E:$E,LGA_Summary!$A:$A,"NSW",LGA_Summary!$F:$F,2)*1000,"") -> 4.2202779 | T7: =IF(SUMIFS(LGA_Summary!$E:$E,LGA_Summary!$A:$A,"NSW",LGA_Summary!$F:$F,3)>0,I7/SUMIFS(LGA_Summary!$E:$E,LGA_Summary!$A:$A,"NSW",LGA_Summary!$F:$F,3)*1000,"") -> 4.517186 | U7: =IF(SUMIFS(LGA_Summary!$E:$E,LGA_Summary!$A:$A,"NSW",LGA_Summary!$F:$F,4)>0,J7/SUMIFS(LGA_Summary!$E:$E,LGA_Summary!$A:$A,"NSW",LGA_Summary!$F:$F,4)*1000,"") -> 6.9123057 | V7: =IF(SUMIFS(LGA_Summary!$E:$E,LGA_Summary!$A:$A,"NSW",LGA_Summary!$F:$F,5)>0,K7/SUMIFS(LGA_Summary!$E:$E,LGA_Summary!$A:$A,"NSW",LGA_Summary!$F:$F,5)*1000,"") -> 10.262242 | W7: =SUM(G7:K7)/SUMIFS(LGA_Summary!$E:$E,LGA_Summary!$A:$A,"NSW")*1000 -> 5.8403257
A8: 45078 | B8: =SUMIFS(Stock_NSW_LGA!$M:$M,Stock_NSW_LGA!$C:$C,1,Stock_NSW_LGA!$B:$B,$A8) -> 1332887.6 | C8: =SUMIFS(Stock_NSW_LGA!$M:$M,Stock_NSW_LGA!$C:$C,2,Stock_NSW_LGA!$B:$B,$A8) -> 1111307.2 | D8: =SUMIFS(Stock_NSW_LGA!$M:$M,Stock_NSW_LGA!$C:$C,3,Stock_NSW_LGA!$B:$B,$A8) -> 1184511.1 | E8: =SUMIFS(Stock_NSW_LGA!$M:$M,Stock_NSW_LGA!$C:$C,4,Stock_NSW_LGA!$B:$B,$A8) -> 969025.03 | F8: =SUMIFS(Stock_NSW_LGA!$M:$M,Stock_NSW_LGA!$C:$C,5,Stock_NSW_LGA!$B:$B,$A8) -> 851732.38 | G8: =SUMIFS(Stock_NSW_LGA!$J:$J,Stock_NSW_LGA!$C:$C,1,Stock_NSW_LGA!$B:$B,$A8) -> 5035.2 | H8: =SUMIFS(Stock_NSW_LGA!$J:$J,Stock_NSW_LGA!$C:$C,2,Stock_NSW_LGA!$B:$B,$A8) -> 5124.64 | I8: =SUMIFS(Stock_NSW_LGA!$J:$J,Stock_NSW_LGA!$C:$C,3,Stock_NSW_LGA!$B:$B,$A8) -> 6636.64 | J8: =SUMIFS(Stock_NSW_LGA!$J:$J,Stock_NSW_LGA!$C:$C,4,Stock_NSW_LGA!$B:$B,$A8) -> 9979.48 | K8: =SUMIFS(Stock_NSW_LGA!$J:$J,Stock_NSW_LGA!$C:$C,5,Stock_NSW_LGA!$B:$B,$A8) -> 13082.28 | L8: =IF(B8>0,G8/B8*1000,"") -> 3.7776629 | M8: =IF(C8>0,H8/C8*1000,"") -> 4.6113623 | N8: =IF(D8>0,I8/D8*1000,"") -> 5.6028517 | O8: =IF(E8>0,J8/E8*1000,"") -> 10.298475 | P8: =IF(F8>0,K8/F8*1000,"") -> 15.359613 | Q8: =SUM(G8:K8)/SUM(B8:F8)*1000 -> 7.3141589 | R8: =IF(SUMIFS(LGA_Summary!$E:$E,LGA_Summary!$A:$A,"NSW",LGA_Summary!$F:$F,1)>0,G8/SUMIFS(LGA_Summary!$E:$E,LGA_Summary!$A:$A,"NSW",LGA_Summary!$F:$F,1)*1000,"") -> 4.427032 | S8: =IF(SUMIFS(LGA_Summary!$E:$E,LGA_Summary!$A:$A,"NSW",LGA_Summary!$F:$F,2)>0,H8/SUMIFS(LGA_Summary!$E:$E,LGA_Summary!$A:$A,"NSW",LGA_Summary!$F:$F,2)*1000,"") -> 5.3486578 | T8: =IF(SUMIFS(LGA_Summary!$E:$E,LGA_Summary!$A:$A,"NSW",LGA_Summary!$F:$F,3)>0,I8/SUMIFS(LGA_Summary!$E:$E,LGA_Summary!$A:$A,"NSW",LGA_Summary!$F:$F,3)*1000,"") -> 5.7712623 | U8: =IF(SUMIFS(LGA_Summary!$E:$E,LGA_Summary!$A:$A,"NSW",LGA_Summary!$F:$F,4)>0,J8/SUMIFS(LGA_Summary!$E:$E,LGA_Summary!$A:$A,"NSW",LGA_Summary!$F:$F,4)*1000,"") -> 9.0054749 | V8: =IF(SUMIFS(LGA_Summary!$E:$E,LGA_Summary!$A:$A,"NSW",LGA_Summary!$F:$F,5)>0,K8/SUMIFS(LGA_Summary!$E:$E,LGA_Summary!$A:$A,"NSW",LGA_Summary!$F:$F,5)*1000,"") -> 12.982393 | W8: =SUM(G8:K8)/SUMIFS(LGA_Summary!$E:$E,LGA_Summary!$A:$A,"NSW")*1000 -> 7.4344495
A9: 45170 | B9: =SUMIFS(Stock_NSW_LGA!$M:$M,Stock_NSW_LGA!$C:$C,1,Stock_NSW_LGA!$B:$B,$A9) -> 1341480.9 | C9: =SUMIFS(Stock_NSW_LGA!$M:$M,Stock_NSW_LGA!$C:$C,2,Stock_NSW_LGA!$B:$B,$A9) -> 1118433.5 | D9: =SUMIFS(Stock_NSW_LGA!$M:$M,Stock_NSW_LGA!$C:$C,3,Stock_NSW_LGA!$B:$B,$A9) -> 1188357 | E9: =SUMIFS(Stock_NSW_LGA!$M:$M,Stock_NSW_LGA!$C:$C,4,Stock_NSW_LGA!$B:$B,$A9) -> 982292.15 | F9: =SUMIFS(Stock_NSW_LGA!$M:$M,Stock_NSW_LGA!$C:$C,5,Stock_NSW_LGA!$B:$B,$A9) -> 856661.15 | G9: =SUMIFS(Stock_NSW_LGA!$J:$J,Stock_NSW_LGA!$C:$C,1,Stock_NSW_LGA!$B:$B,$A9) -> 5911.52 | H9: =SUMIFS(Stock_NSW_LGA!$J:$J,Stock_NSW_LGA!$C:$C,2,Stock_NSW_LGA!$B:$B,$A9) -> 6105.08 | I9: =SUMIFS(Stock_NSW_LGA!$J:$J,Stock_NSW_LGA!$C:$C,3,Stock_NSW_LGA!$B:$B,$A9) -> 8103 | J9: =SUMIFS(Stock_NSW_LGA!$J:$J,Stock_NSW_LGA!$C:$C,4,Stock_NSW_LGA!$B:$B,$A9) -> 12249.76 | K9: =SUMIFS(Stock_NSW_LGA!$J:$J,Stock_NSW_LGA!$C:$C,5,Stock_NSW_LGA!$B:$B,$A9) -> 15318.72 | L9: =IF(B9>0,G9/B9*1000,"") -> 4.406712 | M9: =IF(C9>0,H9/C9*1000,"") -> 5.458599 | N9: =IF(D9>0,I9/D9*1000,"") -> 6.8186578 | O9: =IF(E9>0,J9/E9*1000,"") -> 12.470587 | P9: =IF(F9>0,K9/F9*1000,"") -> 17.88189 | Q9: =SUM(G9:K9)/SUM(B9:F9)*1000 -> 8.6907466 | R9: =IF(SUMIFS(LGA_Summary!$E:$E,LGA_Summary!$A:$A,"NSW",LGA_Summary!$F:$F,1)>0,G9/SUMIFS(LGA_Summary!$E:$E,LGA_Summary!$A:$A,"NSW",LGA_Summary!$F:$F,1)*1000,"") -> 5.1975072 | S9: =IF(SUMIFS(LGA_Summary!$E:$E,LGA_Summary!$A:$A,"NSW",LGA_Summary!$F:$F,2)>0,H9/SUMIFS(LGA_Summary!$E:$E,LGA_Summary!$A:$A,"NSW",LGA_Summary!$F:$F,2)*1000,"") -> 6.3719567 | T9: =IF(SUMIFS(LGA_Summary!$E:$E,LGA_Summary!$A:$A,"NSW",LGA_Summary!$F:$F,3)>0,I9/SUMIFS(LGA_Summary!$E:$E,LGA_Summary!$A:$A,"NSW",LGA_Summary!$F:$F,3)*1000,"") -> 7.0464178 | U9: =IF(SUMIFS(LGA_Summary!$E:$E,LGA_Summary!$A:$A,"NSW",LGA_Summary!$F:$F,4)>0,J9/SUMIFS(LGA_Summary!$E:$E,LGA_Summary!$A:$A,"NSW",LGA_Summary!$F:$F,4)*1000,"") -> 11.054174 | V9: =IF(SUMIFS(LGA_Summary!$E:$E,LGA_Summary!$A:$A,"NSW",LGA_Summary!$F:$F,5)>0,K9/SUMIFS(LGA_Summary!$E:$E,LGA_Summary!$A:$A,"NSW",LGA_Summary!$F:$F,5)*1000,"") -> 15.201758 | W9: =SUM(G9:K9)/SUMIFS(LGA_Summary!$E:$E,LGA_Summary!$A:$A,"NSW")*1000 -> 8.8948891
A10: 45261 | B10: =SUMIFS(Stock_NSW_LGA!$M:$M,Stock_NSW_LGA!$C:$C,1,Stock_NSW_LGA!$B:$B,$A10) -> 1351135.9 | C10: =SUMIFS(Stock_NSW_LGA!$M:$M,Stock_NSW_LGA!$C:$C,2,Stock_NSW_LGA!$B:$B,$A10) -> 1126496.9 | D10: =SUMIFS(Stock_NSW_LGA!$M:$M,Stock_NSW_LGA!$C:$C,3,Stock_NSW_LGA!$B:$B,$A10) -> 1197298.5 | E10: =SUMIFS(Stock_NSW_LGA!$M:$M,Stock_NSW_LGA!$C:$C,4,Stock_NSW_LGA!$B:$B,$A10) -> 989150.48 | F10: =SUMIFS(Stock_NSW_LGA!$M:$M,Stock_NSW_LGA!$C:$C,5,Stock_NSW_LGA!$B:$B,$A10) -> 861720.41 | G10: =SUMIFS(Stock_NSW_LGA!$J:$J,Stock_NSW_LGA!$C:$C,1,Stock_NSW_LGA!$B:$B,$A10) -> 6755.36 | H10: =SUMIFS(Stock_NSW_LGA!$J:$J,Stock_NSW_LGA!$C:$C,2,Stock_NSW_LGA!$B:$B,$A10) -> 6960.04 | I10: =SUMIFS(Stock_NSW_LGA!$J:$J,Stock_NSW_LGA!$C:$C,3,Stock_NSW_LGA!$B:$B,$A10) -> 9240 | J10: =SUMIFS(Stock_NSW_LGA!$J:$J,Stock_NSW_LGA!$C:$C,4,Stock_NSW_LGA!$B:$B,$A10) -> 14243.8 | K10: =SUMIFS(Stock_NSW_LGA!$J:$J,Stock_NSW_LGA!$C:$C,5,Stock_NSW_LGA!$B:$B,$A10) -> 16946.48 | L10: =IF(B10>0,G10/B10*1000,"") -> 4.9997636 | M10: =IF(C10>0,H10/C10*1000,"") -> 6.1784812 | N10: =IF(D10>0,I10/D10*1000,"") -> 7.7173737 | O10: =IF(E10>0,J10/E10*1000,"") -> 14.400033 | P10: =IF(F10>0,K10/F10*1000,"") -> 19.665868 | Q10: =SUM(G10:K10)/SUM(B10:F10)*1000 -> 9.7987004 | R10: =IF(SUMIFS(LGA_Summary!$E:$E,LGA_Summary!$A:$A,"NSW",LGA_Summary!$F:$F,1)>0,G10/SUMIFS(LGA_Summary!$E:$E,LGA_Summary!$A:$A,"NSW",LGA_Summary!$F:$F,1)*1000,"") -> 5.9394255 | S10: =IF(SUMIFS(LGA_Summary!$E:$E,LGA_Summary!$A:$A,"NSW",LGA_Summary!$F:$F,2)>0,H10/SUMIFS(LGA_Summary!$E:$E,LGA_Summary!$A:$A,"NSW",LGA_Summary!$F:$F,2)*1000,"") -> 7.2642903 | T10: =IF(SUMIFS(LGA_Summary!$E:$E,LGA_Summary!$A:$A,"NSW",LGA_Summary!$F:$F,3)>0,I10/SUMIFS(LGA_Summary!$E:$E,LGA_Summary!$A:$A,"NSW",LGA_Summary!$F:$F,3)*1000,"") -> 8.0351599 | U10: =IF(SUMIFS(LGA_Summary!$E:$E,LGA_Summary!$A:$A,"NSW",LGA_Summary!$F:$F,4)>0,J10/SUMIFS(LGA_Summary!$E:$E,LGA_Summary!$A:$A,"NSW",LGA_Summary!$F:$F,4)*1000,"") -> 12.853594 | V10: =IF(SUMIFS(LGA_Summary!$E:$E,LGA_Summary!$A:$A,"NSW",LGA_Summary!$F:$F,5)>0,K10/SUMIFS(LGA_Summary!$E:$E,LGA_Summary!$A:$A,"NSW",LGA_Summary!$F:$F,5)*1000,"") -> 16.817089 | W10: =SUM(G10:K10)/SUMIFS(LGA_Summary!$E:$E,LGA_Summary!$A:$A,"NSW")*1000 -> 10.099375
A11: 45352 | B11: =SUMIFS(Stock_NSW_LGA!$M:$M,Stock_NSW_LGA!$C:$C,1,Stock_NSW_LGA!$B:$B,$A11) -> 1356286.8 | C11: =SUMIFS(Stock_NSW_LGA!$M:$M,Stock_NSW_LGA!$C:$C,2,Stock_NSW_LGA!$B:$B,$A11) -> 1132535.4 | D11: =SUMIFS(Stock_NSW_LGA!$M:$M,Stock_NSW_LGA!$C:$C,3,Stock_NSW_LGA!$B:$B,$A11) -> 1200829.3 | E11: =SUMIFS(Stock_NSW_LGA!$M:$M,Stock_NSW_LGA!$C:$C,4,Stock_NSW_LGA!$B:$B,$A11) -> 993492.56 | F11: =SUMIFS(Stock_NSW_LGA!$M:$M,Stock_NSW_LGA!$C:$C,5,Stock_NSW_LGA!$B:$B,$A11) -> 866905.78 | G11: =SUMIFS(Stock_NSW_LGA!$J:$J,Stock_NSW_LGA!$C:$C,1,Stock_NSW_LGA!$B:$B,$A11) -> 7901.52 | H11: =SUMIFS(Stock_NSW_LGA!$J:$J,Stock_NSW_LGA!$C:$C,2,Stock_NSW_LGA!$B:$B,$A11) -> 8109.72 | I11: =SUMIFS(Stock_NSW_LGA!$J:$J,Stock_NSW_LGA!$C:$C,3,Stock_NSW_LGA!$B:$B,$A11) -> 10988.92 | J11: =SUMIFS(Stock_NSW_LGA!$J:$J,Stock_NSW_LGA!$C:$C,4,Stock_NSW_LGA!$B:$B,$A11) -> 16467.32 | K11: =SUMIFS(Stock_NSW_LGA!$J:$J,Stock_NSW_LGA!$C:$C,5,Stock_NSW_LGA!$B:$B,$A11) -> 19774.2 | L11: =IF(B11>0,G11/B11*1000,"") -> 5.8258474 | M11: =IF(C11>0,H11/C11*1000,"") -> 7.1606766 | N11: =IF(D11>0,I11/D11*1000,"") -> 9.1511089 | O11: =IF(E11>0,J11/E11*1000,"") -> 16.575182 | P11: =IF(F11>0,K11/F11*1000,"") -> 22.810091 | Q11: =SUM(G11:K11)/SUM(B11:F11)*1000 -> 11.394795 | R11: =IF(SUMIFS(LGA_Summary!$E:$E,LGA_Summary!$A:$A,"NSW",LGA_Summary!$F:$F,1)>0,G11/SUMIFS(LGA_Summary!$E:$E,LGA_Summary!$A:$A,"NSW",LGA_Summary!$F:$F,1)*1000,"") -> 6.9471485 | S11: =IF(SUMIFS(LGA_Summary!$E:$E,LGA_Summary!$A:$A,"NSW",LGA_Summary!$F:$F,2)>0,H11/SUMIFS(LGA_Summary!$E:$E,LGA_Summary!$A:$A,"NSW",LGA_Summary!$F:$F,2)*1000,"") -> 8.4642272 | T11: =IF(SUMIFS(LGA_Summary!$E:$E,LGA_Summary!$A:$A,"NSW",LGA_Summary!$F:$F,3)>0,I11/SUMIFS(LGA_Summary!$E:$E,LGA_Summary!$A:$A,"NSW",LGA_Summary!$F:$F,3)*1000,"") -> 9.5560313 | U11: =IF(SUMIFS(LGA_Summary!$E:$E,LGA_Summary!$A:$A,"NSW",LGA_Summary!$F:$F,4)>0,J11/SUMIFS(LGA_Summary!$E:$E,LGA_Summary!$A:$A,"NSW",LGA_Summary!$F:$F,4)*1000,"") -> 14.860097 | V11: =IF(SUMIFS(LGA_Summary!$E:$E,LGA_Summary!$A:$A,"NSW",LGA_Summary!$F:$F,5)>0,K11/SUMIFS(LGA_Summary!$E:$E,LGA_Summary!$A:$A,"NSW",LGA_Summary!$F:$F,5)*1000,"") -> 19.623219 | W11: =SUM(G11:K11)/SUMIFS(LGA_Summary!$E:$E,LGA_Summary!$A:$A,"NSW")*1000 -> 11.795982
A12: 45444 | B12: =SUMIFS(Stock_NSW_LGA!$M:$M,Stock_NSW_LGA!$C:$C,1,Stock_NSW_LGA!$B:$B,$A12) -> 1359571 | C12: =SUMIFS(Stock_NSW_LGA!$M:$M,Stock_NSW_LGA!$C:$C,2,Stock_NSW_LGA!$B:$B,$A12) -> 1136220.2 | D12: =SUMIFS(Stock_NSW_LGA!$M:$M,Stock_NSW_LGA!$C:$C,3,Stock_NSW_LGA!$B:$B,$A12) -> 1205458.2 | E12: =SUMIFS(Stock_NSW_LGA!$M:$M,Stock_NSW_LGA!$C:$C,4,Stock_NSW_LGA!$B:$B,$A12) -> 997832.89 | F12: =SUMIFS(Stock_NSW_LGA!$M:$M,Stock_NSW_LGA!$C:$C,5,Stock_NSW_LGA!$B:$B,$A12) -> 867266.56 | G12: =SUMIFS(Stock_NSW_LGA!$J:$J,Stock_NSW_LGA!$C:$C,1,Stock_NSW_LGA!$B:$B,$A12) -> 8700.36 | H12: =SUMIFS(Stock_NSW_LGA!$J:$J,Stock_NSW_LGA!$C:$C,2,Stock_NSW_LGA!$B:$B,$A12) -> 9087.68 | I12: =SUMIFS(Stock_NSW_LGA!$J:$J,Stock_NSW_LGA!$C:$C,3,Stock_NSW_LGA!$B:$B,$A12) -> 12276.6 | J12: =SUMIFS(Stock_NSW_LGA!$J:$J,Stock_NSW_LGA!$C:$C,4,Stock_NSW_LGA!$B:$B,$A12) -> 18502.72 | K12: =SUMIFS(Stock_NSW_LGA!$J:$J,Stock_NSW_LGA!$C:$C,5,Stock_NSW_LGA!$B:$B,$A12) -> 22010.88 | L12: =IF(B12>0,G12/B12*1000,"") -> 6.3993421 | M12: =IF(C12>0,H12/C12*1000,"") -> 7.9981679 | N12: =IF(D12>0,I12/D12*1000,"") -> 10.184178 | O12: =IF(E12>0,J12/E12*1000,"") -> 18.542905 | P12: =IF(F12>0,K12/F12*1000,"") -> 25.379602 | Q12: =SUM(G12:K12)/SUM(B12:F12)*1000 -> 12.67945 | R12: =IF(SUMIFS(LGA_Summary!$E:$E,LGA_Summary!$A:$A,"NSW",LGA_Summary!$F:$F,1)>0,G12/SUMIFS(LGA_Summary!$E:$E,LGA_Summary!$A:$A,"NSW",LGA_Summary!$F:$F,1)*1000,"") -> 7.649502 | S12: =IF(SUMIFS(LGA_Summary!$E:$E,LGA_Summary!$A:$A,"NSW",LGA_Summary!$F:$F,2)>0,H12/SUMIFS(LGA_Summary!$E:$E,LGA_Summary!$A:$A,"NSW",LGA_Summary!$F:$F,2)*1000,"") -> 9.4849376 | T12: =IF(SUMIFS(LGA_Summary!$E:$E,LGA_Summary!$A:$A,"NSW",LGA_Summary!$F:$F,3)>0,I12/SUMIFS(LGA_Summary!$E:$E,LGA_Summary!$A:$A,"NSW",LGA_Summary!$F:$F,3)*1000,"") -> 10.675806 | U12: =IF(SUMIFS(LGA_Summary!$E:$E,LGA_Summary!$A:$A,"NSW",LGA_Summary!$F:$F,4)>0,J12/SUMIFS(LGA_Summary!$E:$E,LGA_Summary!$A:$A,"NSW",LGA_Summary!$F:$F,4)*1000,"") -> 16.69684 | V12: =IF(SUMIFS(LGA_Summary!$E:$E,LGA_Summary!$A:$A,"NSW",LGA_Summary!$F:$F,5)>0,K12/SUMIFS(LGA_Summary!$E:$E,LGA_Summary!$A:$A,"NSW",LGA_Summary!$F:$F,5)*1000,"") -> 21.842821 | W12: =SUM(G12:K12)/SUMIFS(LGA_Summary!$E:$E,LGA_Summary!$A:$A,"NSW")*1000 -> 13.164414
A13: 45536 | B13: =SUMIFS(Stock_NSW_LGA!$M:$M,Stock_NSW_LGA!$C:$C,1,Stock_NSW_LGA!$B:$B,$A13) -> 1364714.2 | C13: =SUMIFS(Stock_NSW_LGA!$M:$M,Stock_NSW_LGA!$C:$C,2,Stock_NSW_LGA!$B:$B,$A13) -> 1143830.5 | D13: =SUMIFS(Stock_NSW_LGA!$M:$M,Stock_NSW_LGA!$C:$C,3,Stock_NSW_LGA!$B:$B,$A13) -> 1213551.8 | E13: =SUMIFS(Stock_NSW_LGA!$M:$M,Stock_NSW_LGA!$C:$C,4,Stock_NSW_LGA!$B:$B,$A13) -> 1004247.2 | F13: =SUMIFS(Stock_NSW_LGA!$M:$M,Stock_NSW_LGA!$C:$C,5,Stock_NSW_LGA!$B:$B,$A13) -> 869844.73 | G13: =SUMIFS(Stock_NSW_LGA!$J:$J,Stock_NSW_LGA!$C:$C,1,Stock_NSW_LGA!$B:$B,$A13) -> 9312.96 | H13: =SUMIFS(Stock_NSW_LGA!$J:$J,Stock_NSW_LGA!$C:$C,2,Stock_NSW_LGA!$B:$B,$A13) -> 9727.36 | I13: =SUMIFS(Stock_NSW_LGA!$J:$J,Stock_NSW_LGA!$C:$C,3,Stock_NSW_LGA!$B:$B,$A13) -> 13343.84 | J13: =SUMIFS(Stock_NSW_LGA!$J:$J,Stock_NSW_LGA!$C:$C,4,Stock_NSW_LGA!$B:$B,$A13) -> 19930.88 | K13: =SUMIFS(Stock_NSW_LGA!$J:$J,Stock_NSW_LGA!$C:$C,5,Stock_NSW_LGA!$B:$B,$A13) -> 23514.6 | L13: =IF(B13>0,G13/B13*1000,"") -> 6.82411 | M13: =IF(C13>0,H13/C13*1000,"") -> 8.5041972 | N13: =IF(D13>0,I13/D13*1000,"") -> 10.995691 | O13: =IF(E13>0,J13/E13*1000,"") -> 19.846587 | P13: =IF(F13>0,K13/F13*1000,"") -> 27.033101 | Q13: =SUM(G13:K13)/SUM(B13:F13)*1000 -> 13.55023 | R13: =IF(SUMIFS(LGA_Summary!$E:$E,LGA_Summary!$A:$A,"NSW",LGA_Summary!$F:$F,1)>0,G13/SUMIFS(LGA_Summary!$E:$E,LGA_Summary!$A:$A,"NSW",LGA_Summary!$F:$F,1)*1000,"") -> 8.1881102 | S13: =IF(SUMIFS(LGA_Summary!$E:$E,LGA_Summary!$A:$A,"NSW",LGA_Summary!$F:$F,2)>0,H13/SUMIFS(LGA_Summary!$E:$E,LGA_Summary!$A:$A,"NSW",LGA_Summary!$F:$F,2)*1000,"") -> 10.152581 | T13: =IF(SUMIFS(LGA_Summary!$E:$E,LGA_Summary!$A:$A,"NSW",LGA_Summary!$F:$F,3)>0,I13/SUMIFS(LGA_Summary!$E:$E,LGA_Summary!$A:$A,"NSW",LGA_Summary!$F:$F,3)*1000,"") -> 11.603884 | U13: =IF(SUMIFS(LGA_Summary!$E:$E,LGA_Summary!$A:$A,"NSW",LGA_Summary!$F:$F,4)>0,J13/SUMIFS(LGA_Summary!$E:$E,LGA_Summary!$A:$A,"NSW",LGA_Summary!$F:$F,4)*1000,"") -> 17.98561 | V13: =IF(SUMIFS(LGA_Summary!$E:$E,LGA_Summary!$A:$A,"NSW",LGA_Summary!$F:$F,5)>0,K13/SUMIFS(LGA_Summary!$E:$E,LGA_Summary!$A:$A,"NSW",LGA_Summary!$F:$F,5)*1000,"") -> 23.33506 | W13: =SUM(G13:K13)/SUMIFS(LGA_Summary!$E:$E,LGA_Summary!$A:$A,"NSW")*1000 -> 14.143917
A14: 45627 | B14: =SUMIFS(Stock_NSW_LGA!$M:$M,Stock_NSW_LGA!$C:$C,1,Stock_NSW_LGA!$B:$B,$A14) -> 1371961.4 | C14: =SUMIFS(Stock_NSW_LGA!$M:$M,Stock_NSW_LGA!$C:$C,2,Stock_NSW_LGA!$B:$B,$A14) -> 1149327.5 | D14: =SUMIFS(Stock_NSW_LGA!$M:$M,Stock_NSW_LGA!$C:$C,3,Stock_NSW_LGA!$B:$B,$A14) -> 1221186.4 | E14: =SUMIFS(Stock_NSW_LGA!$M:$M,Stock_NSW_LGA!$C:$C,4,Stock_NSW_LGA!$B:$B,$A14) -> 1009411.2 | F14: =SUMIFS(Stock_NSW_LGA!$M:$M,Stock_NSW_LGA!$C:$C,5,Stock_NSW_LGA!$B:$B,$A14) -> 872631.69 | G14: =SUMIFS(Stock_NSW_LGA!$J:$J,Stock_NSW_LGA!$C:$C,1,Stock_NSW_LGA!$B:$B,$A14) -> 10005.52 | H14: =SUMIFS(Stock_NSW_LGA!$J:$J,Stock_NSW_LGA!$C:$C,2,Stock_NSW_LGA!$B:$B,$A14) -> 10581.88 | I14: =SUMIFS(Stock_NSW_LGA!$J:$J,Stock_NSW_LGA!$C:$C,3,Stock_NSW_LGA!$B:$B,$A14) -> 14462.4 | J14: =SUMIFS(Stock_NSW_LGA!$J:$J,Stock_NSW_LGA!$C:$C,4,Stock_NSW_LGA!$B:$B,$A14) -> 21592.84 | K14: =SUMIFS(Stock_NSW_LGA!$J:$J,Stock_NSW_LGA!$C:$C,5,Stock_NSW_LGA!$B:$B,$A14) -> 25259.24 | L14: =IF(B14>0,G14/B14*1000,"") -> 7.2928584 | M14: =IF(C14>0,H14/C14*1000,"") -> 9.2070192 | N14: =IF(D14>0,I14/D14*1000,"") -> 11.84291 | O14: =IF(E14>0,J14/E14*1000,"") -> 21.39152 | P14: =IF(F14>0,K14/F14*1000,"") -> 28.946049 | Q14: =SUM(G14:K14)/SUM(B14:F14)*1000 -> 14.561582 | R14: =IF(SUMIFS(LGA_Summary!$E:$E,LGA_Summary!$A:$A,"NSW",LGA_Summary!$F:$F,1)>0,G14/SUMIFS(LGA_Summary!$E:$E,LGA_Summary!$A:$A,"NSW",LGA_Summary!$F:$F,1)*1000,"") -> 8.7970205 | S14: =IF(SUMIFS(LGA_Summary!$E:$E,LGA_Summary!$A:$A,"NSW",LGA_Summary!$F:$F,2)>0,H14/SUMIFS(LGA_Summary!$E:$E,LGA_Summary!$A:$A,"NSW",LGA_Summary!$F:$F,2)*1000,"") -> 11.044455 | T14: =IF(SUMIFS(LGA_Summary!$E:$E,LGA_Summary!$A:$A,"NSW",LGA_Summary!$F:$F,3)>0,I14/SUMIFS(LGA_Summary!$E:$E,LGA_Summary!$A:$A,"NSW",LGA_Summary!$F:$F,3)*1000,"") -> 12.576591 | U14: =IF(SUMIFS(LGA_Summary!$E:$E,LGA_Summary!$A:$A,"NSW",LGA_Summary!$F:$F,4)>0,J14/SUMIFS(LGA_Summary!$E:$E,LGA_Summary!$A:$A,"NSW",LGA_Summary!$F:$F,4)*1000,"") -> 19.485362 | V14: =IF(SUMIFS(LGA_Summary!$E:$E,LGA_Summary!$A:$A,"NSW",LGA_Summary!$F:$F,5)>0,K14/SUMIFS(LGA_Summary!$E:$E,LGA_Summary!$A:$A,"NSW",LGA_Summary!$F:$F,5)*1000,"") -> 25.066379 | W14: =SUM(G14:K14)/SUMIFS(LGA_Summary!$E:$E,LGA_Summary!$A:$A,"NSW")*1000 -> 15.276525
A15: 45717 | B15: =SUMIFS(Stock_NSW_LGA!$M:$M,Stock_NSW_LGA!$C:$C,1,Stock_NSW_LGA!$B:$B,$A15) -> 1374572.3 | C15: =SUMIFS(Stock_NSW_LGA!$M:$M,Stock_NSW_LGA!$C:$C,2,Stock_NSW_LGA!$B:$B,$A15) -> 1153100.3 | D15: =SUMIFS(Stock_NSW_LGA!$M:$M,Stock_NSW_LGA!$C:$C,3,Stock_NSW_LGA!$B:$B,$A15) -> 1226230.5 | E15: =SUMIFS(Stock_NSW_LGA!$M:$M,Stock_NSW_LGA!$C:$C,4,Stock_NSW_LGA!$B:$B,$A15) -> 1014745 | F15: =SUMIFS(Stock_NSW_LGA!$M:$M,Stock_NSW_LGA!$C:$C,5,Stock_NSW_LGA!$B:$B,$A15) -> 875205.58 | G15: =SUMIFS(Stock_NSW_LGA!$J:$J,Stock_NSW_LGA!$C:$C,1,Stock_NSW_LGA!$B:$B,$A15) -> 10741.68 | H15: =SUMIFS(Stock_NSW_LGA!$J:$J,Stock_NSW_LGA!$C:$C,2,Stock_NSW_LGA!$B:$B,$A15) -> 11340.84 | I15: =SUMIFS(Stock_NSW_LGA!$J:$J,Stock_NSW_LGA!$C:$C,3,Stock_NSW_LGA!$B:$B,$A15) -> 15568.84 | J15: =SUMIFS(Stock_NSW_LGA!$J:$J,Stock_NSW_LGA!$C:$C,4,Stock_NSW_LGA!$B:$B,$A15) -> 23518.2 | K15: =SUMIFS(Stock_NSW_LGA!$J:$J,Stock_NSW_LGA!$C:$C,5,Stock_NSW_LGA!$B:$B,$A15) -> 27205.28 | L15: =IF(B15>0,G15/B15*1000,"") -> 7.8145614 | M15: =IF(C15>0,H15/C15*1000,"") -> 9.8350858 | N15: =IF(D15>0,I15/D15*1000,"") -> 12.696504 | O15: =IF(E15>0,J15/E15*1000,"") -> 23.176463 | P15: =IF(F15>0,K15/F15*1000,"") -> 31.084445 | Q15: =SUM(G15:K15)/SUM(B15:F15)*1000 -> 15.658599 | R15: =IF(SUMIFS(LGA_Summary!$E:$E,LGA_Summary!$A:$A,"NSW",LGA_Summary!$F:$F,1)>0,G15/SUMIFS(LGA_Summary!$E:$E,LGA_Summary!$A:$A,"NSW",LGA_Summary!$F:$F,1)*1000,"") -> 9.4442647 | S15: =IF(SUMIFS(LGA_Summary!$E:$E,LGA_Summary!$A:$A,"NSW",LGA_Summary!$F:$F,2)>0,H15/SUMIFS(LGA_Summary!$E:$E,LGA_Summary!$A:$A,"NSW",LGA_Summary!$F:$F,2)*1000,"") -> 11.836592 | T15: =IF(SUMIFS(LGA_Summary!$E:$E,LGA_Summary!$A:$A,"NSW",LGA_Summary!$F:$F,3)>0,I15/SUMIFS(LGA_Summary!$E:$E,LGA_Summary!$A:$A,"NSW",LGA_Summary!$F:$F,3)*1000,"") -> 13.538757 | U15: =IF(SUMIFS(LGA_Summary!$E:$E,LGA_Summary!$A:$A,"NSW",LGA_Summary!$F:$F,4)>0,J15/SUMIFS(LGA_Summary!$E:$E,LGA_Summary!$A:$A,"NSW",LGA_Summary!$F:$F,4)*1000,"") -> 21.222805 | V15: =IF(SUMIFS(LGA_Summary!$E:$E,LGA_Summary!$A:$A,"NSW",LGA_Summary!$F:$F,5)>0,K15/SUMIFS(LGA_Summary!$E:$E,LGA_Summary!$A:$A,"NSW",LGA_Summary!$F:$F,5)*1000,"") -> 26.997561 | W15: =SUM(G15:K15)/SUMIFS(LGA_Summary!$E:$E,LGA_Summary!$A:$A,"NSW")*1000 -> 16.483876
A16: 45809 | B16: =SUMIFS(Stock_NSW_LGA!$M:$M,Stock_NSW_LGA!$C:$C,1,Stock_NSW_LGA!$B:$B,$A16) -> 1373420.1 | C16: =SUMIFS(Stock_NSW_LGA!$M:$M,Stock_NSW_LGA!$C:$C,2,Stock_NSW_LGA!$B:$B,$A16) -> 1153715.2 | D16: =SUMIFS(Stock_NSW_LGA!$M:$M,Stock_NSW_LGA!$C:$C,3,Stock_NSW_LGA!$B:$B,$A16) -> 1228250.8 | E16: =SUMIFS(Stock_NSW_LGA!$M:$M,Stock_NSW_LGA!$C:$C,4,Stock_NSW_LGA!$B:$B,$A16) -> 1018108.6 | F16: =SUMIFS(Stock_NSW_LGA!$M:$M,Stock_NSW_LGA!$C:$C,5,Stock_NSW_LGA!$B:$B,$A16) -> 874381.29 | G16: =SUMIFS(Stock_NSW_LGA!$J:$J,Stock_NSW_LGA!$C:$C,1,Stock_NSW_LGA!$B:$B,$A16) -> 11715.04 | H16: =SUMIFS(Stock_NSW_LGA!$J:$J,Stock_NSW_LGA!$C:$C,2,Stock_NSW_LGA!$B:$B,$A16) -> 12614.92 | I16: =SUMIFS(Stock_NSW_LGA!$J:$J,Stock_NSW_LGA!$C:$C,3,Stock_NSW_LGA!$B:$B,$A16) -> 17377.44 | J16: =SUMIFS(Stock_NSW_LGA!$J:$J,Stock_NSW_LGA!$C:$C,4,Stock_NSW_LGA!$B:$B,$A16) -> 26026 | K16: =SUMIFS(Stock_NSW_LGA!$J:$J,Stock_NSW_LGA!$C:$C,5,Stock_NSW_LGA!$B:$B,$A16) -> 29705.24 | L16: =IF(B16>0,G16/B16*1000,"") -> 8.52983 | M16: =IF(C16>0,H16/C16*1000,"") -> 10.934171 | N16: =IF(D16>0,I16/D16*1000,"") -> 14.14812 | O16: =IF(E16>0,J16/E16*1000,"") -> 25.563089 | P16: =IF(F16>0,K16/F16*1000,"") -> 33.972868 | Q16: =SUM(G16:K16)/SUM(B16:F16)*1000 -> 17.252263 | R16: =IF(SUMIFS(LGA_Summary!$E:$E,LGA_Summary!$A:$A,"NSW",LGA_Summary!$F:$F,1)>0,G16/SUMIFS(LGA_Summary!$E:$E,LGA_Summary!$A:$A,"NSW",LGA_Summary!$F:$F,1)*1000,"") -> 10.300059 | S16: =IF(SUMIFS(LGA_Summary!$E:$E,LGA_Summary!$A:$A,"NSW",LGA_Summary!$F:$F,2)>0,H16/SUMIFS(LGA_Summary!$E:$E,LGA_Summary!$A:$A,"NSW",LGA_Summary!$F:$F,2)*1000,"") -> 13.166367 | T16: =IF(SUMIFS(LGA_Summary!$E:$E,LGA_Summary!$A:$A,"NSW",LGA_Summary!$F:$F,3)>0,I16/SUMIFS(LGA_Summary!$E:$E,LGA_Summary!$A:$A,"NSW",LGA_Summary!$F:$F,3)*1000,"") -> 15.111527 | U16: =IF(SUMIFS(LGA_Summary!$E:$E,LGA_Summary!$A:$A,"NSW",LGA_Summary!$F:$F,4)>0,J16/SUMIFS(LGA_Summary!$E:$E,LGA_Summary!$A:$A,"NSW",LGA_Summary!$F:$F,4)*1000,"") -> 23.485842 | V16: =IF(SUMIFS(LGA_Summary!$E:$E,LGA_Summary!$A:$A,"NSW",LGA_Summary!$F:$F,5)>0,K16/SUMIFS(LGA_Summary!$E:$E,LGA_Summary!$A:$A,"NSW",LGA_Summary!$F:$F,5)*1000,"") -> 29.478433 | W16: =SUM(G16:K16)/SUMIFS(LGA_Summary!$E:$E,LGA_Summary!$A:$A,"NSW")*1000 -> 18.174477
... A21: 46235 | B21: =SUMIFS(Stock_NSW_LGA!$M:$M,Stock_NSW_LGA!$C:$C,1,Stock_NSW_LGA!$B:$B,$A21) -> 1396737.3 | C21: =SUMIFS(Stock_NSW_LGA!$M:$M,Stock_NSW_LGA!$C:$C,2,Stock_NSW_LGA!$B:$B,$A21) -> 1178656.2 | D21: =SUMIFS(Stock_NSW_LGA!$M:$M,Stock_NSW_LGA!$C:$C,3,Stock_NSW_LGA!$B:$B,$A21) -> 1254775.8 | E21: =SUMIFS(Stock_NSW_LGA!$M:$M,Stock_NSW_LGA!$C:$C,4,Stock_NSW_LGA!$B:$B,$A21) -> 1040708.4 | F21: =SUMIFS(Stock_NSW_LGA!$M:$M,Stock_NSW_LGA!$C:$C,5,Stock_NSW_LGA!$B:$B,$A21) -> 890207.03 | G21: =SUMIFS(Stock_NSW_LGA!$J:$J,Stock_NSW_LGA!$C:$C,1,Stock_NSW_LGA!$B:$B,$A21) -> 20720.64 | H21: =SUMIFS(Stock_NSW_LGA!$J:$J,Stock_NSW_LGA!$C:$C,2,Stock_NSW_LGA!$B:$B,$A21) -> 22211.48 | I21: =SUMIFS(Stock_NSW_LGA!$J:$J,Stock_NSW_LGA!$C:$C,3,Stock_NSW_LGA!$B:$B,$A21) -> 30243.44 | J21: =SUMIFS(Stock_NSW_LGA!$J:$J,Stock_NSW_LGA!$C:$C,4,Stock_NSW_LGA!$B:$B,$A21) -> 41298.68 | K21: =SUMIFS(Stock_NSW_LGA!$J:$J,Stock_NSW_LGA!$C:$C,5,Stock_NSW_LGA!$B:$B,$A21) -> 47038 | L21: =IF(B21>0,G21/B21*1000,"") -> 14.83503 | M21: =IF(C21>0,H21/C21*1000,"") -> 18.844749 | N21: =IF(D21>0,I21/D21*1000,"") -> 24.102665 | O21: =IF(E21>0,J21/E21*1000,"") -> 39.683239 | P21: =IF(F21>0,K21/F21*1000,"") -> 52.839394 | Q21: =SUM(G21:K21)/SUM(B21:F21)*1000 -> 28.03504 | R21: =IF(SUMIFS(LGA_Summary!$E:$E,LGA_Summary!$A:$A,"NSW",LGA_Summary!$F:$F,1)>0,G21/SUMIFS(LGA_Summary!$E:$E,LGA_Summary!$A:$A,"NSW",LGA_Summary!$F:$F,1)*1000,"") -> 18.217933 | S21: =IF(SUMIFS(LGA_Summary!$E:$E,LGA_Summary!$A:$A,"NSW",LGA_Summary!$F:$F,2)>0,H21/SUMIFS(LGA_Summary!$E:$E,LGA_Summary!$A:$A,"NSW",LGA_Summary!$F:$F,2)*1000,"") -> 23.18243 | T21: =IF(SUMIFS(LGA_Summary!$E:$E,LGA_Summary!$A:$A,"NSW",LGA_Summary!$F:$F,3)>0,I21/SUMIFS(LGA_Summary!$E:$E,LGA_Summary!$A:$A,"NSW",LGA_Summary!$F:$F,3)*1000,"") -> 26.299878 | U21: =IF(SUMIFS(LGA_Summary!$E:$E,LGA_Summary!$A:$A,"NSW",LGA_Summary!$F:$F,4)>0,J21/SUMIFS(LGA_Summary!$E:$E,LGA_Summary!$A:$A,"NSW",LGA_Summary!$F:$F,4)*1000,"") -> 37.267896 | V21: =IF(SUMIFS(LGA_Summary!$E:$E,LGA_Summary!$A:$A,"NSW",LGA_Summary!$F:$F,5)>0,K21/SUMIFS(LGA_Summary!$E:$E,LGA_Summary!$A:$A,"NSW",LGA_Summary!$F:$F,5)*1000,"") -> 46.678853 | W21: =SUM(G21:K21)/SUMIFS(LGA_Summary!$E:$E,LGA_Summary!$A:$A,"NSW")*1000 -> 30.12563
A24: Month | B24: QLD BEV seen Q1 (lowest) | C24: QLD BEV seen Q2 | D24: QLD BEV seen Q3 | E24: QLD BEV seen Q4 | F24: QLD BEV seen Q5 (highest) | G24: QLD BEV per 1,000 earners Q1 (lowest) | H24: QLD BEV per 1,000 earners Q2 | I24: QLD BEV per 1,000 earners Q3 | J24: QLD BEV per 1,000 earners Q4 | K24: QLD BEV per 1,000 earners Q5 (highest) | L24: QLD BEV per 1,000 earners all
A25: 44621 | B25: =SUMIFS(Stock_QLD_LGA!$D:$D,Stock_QLD_LGA!$C:$C,1,Stock_QLD_LGA!$B:$B,$A25) -> 193 | C25: =SUMIFS(Stock_QLD_LGA!$D:$D,Stock_QLD_LGA!$C:$C,2,Stock_QLD_LGA!$B:$B,$A25) -> 385 | D25: =SUMIFS(Stock_QLD_LGA!$D:$D,Stock_QLD_LGA!$C:$C,3,Stock_QLD_LGA!$B:$B,$A25) -> 189 | E25: =SUMIFS(Stock_QLD_LGA!$D:$D,Stock_QLD_LGA!$C:$C,4,Stock_QLD_LGA!$B:$B,$A25) -> 94 | F25: =SUMIFS(Stock_QLD_LGA!$D:$D,Stock_QLD_LGA!$C:$C,5,Stock_QLD_LGA!$B:$B,$A25) -> 733 | G25: =IF(SUMIFS(LGA_Summary!$E:$E,LGA_Summary!$A:$A,"QLD",LGA_Summary!$F:$F,1)>0,B25/SUMIFS(LGA_Summary!$E:$E,LGA_Summary!$A:$A,"QLD",LGA_Summary!$F:$F,1)*1000,"") -> 0.27347104 | H25: =IF(SUMIFS(LGA_Summary!$E:$E,LGA_Summary!$A:$A,"QLD",LGA_Summary!$F:$F,2)>0,C25/SUMIFS(LGA_Summary!$E:$E,LGA_Summary!$A:$A,"QLD",LGA_Summary!$F:$F,2)*1000,"") -> 0.54981385 | I25: =IF(SUMIFS(LGA_Summary!$E:$E,LGA_Summary!$A:$A,"QLD",LGA_Summary!$F:$F,3)>0,D25/SUMIFS(LGA_Summary!$E:$E,LGA_Summary!$A:$A,"QLD",LGA_Summary!$F:$F,3)*1000,"") -> 0.25507691 | J25: =IF(SUMIFS(LGA_Summary!$E:$E,LGA_Summary!$A:$A,"QLD",LGA_Summary!$F:$F,4)>0,E25/SUMIFS(LGA_Summary!$E:$E,LGA_Summary!$A:$A,"QLD",LGA_Summary!$F:$F,4)*1000,"") -> 0.28247908 | K25: =IF(SUMIFS(LGA_Summary!$E:$E,LGA_Summary!$A:$A,"QLD",LGA_Summary!$F:$F,5)>0,F25/SUMIFS(LGA_Summary!$E:$E,LGA_Summary!$A:$A,"QLD",LGA_Summary!$F:$F,5)*1000,"") -> 0.6972068 | L25: =SUM(B25:F25)/SUMIFS(LGA_Summary!$E:$E,LGA_Summary!$A:$A,"QLD")*1000 -> 0.45142533
A26: 44713 | B26: =SUMIFS(Stock_QLD_LGA!$D:$D,Stock_QLD_LGA!$C:$C,1,Stock_QLD_LGA!$B:$B,$A26) -> 307 | C26: =SUMIFS(Stock_QLD_LGA!$D:$D,Stock_QLD_LGA!$C:$C,2,Stock_QLD_LGA!$B:$B,$A26) -> 533 | D26: =SUMIFS(Stock_QLD_LGA!$D:$D,Stock_QLD_LGA!$C:$C,3,Stock_QLD_LGA!$B:$B,$A26) -> 294 | E26: =SUMIFS(Stock_QLD_LGA!$D:$D,Stock_QLD_LGA!$C:$C,4,Stock_QLD_LGA!$B:$B,$A26) -> 127 | F26: =SUMIFS(Stock_QLD_LGA!$D:$D,Stock_QLD_LGA!$C:$C,5,Stock_QLD_LGA!$B:$B,$A26) -> 1132 | G26: =IF(SUMIFS(LGA_Summary!$E:$E,LGA_Summary!$A:$A,"QLD",LGA_Summary!$F:$F,1)>0,B26/SUMIFS(LGA_Summary!$E:$E,LGA_Summary!$A:$A,"QLD",LGA_Summary!$F:$F,1)*1000,"") -> 0.43500316 | H26: =IF(SUMIFS(LGA_Summary!$E:$E,LGA_Summary!$A:$A,"QLD",LGA_Summary!$F:$F,2)>0,C26/SUMIFS(LGA_Summary!$E:$E,LGA_Summary!$A:$A,"QLD",LGA_Summary!$F:$F,2)*1000,"") -> 0.76117086 | I26: =IF(SUMIFS(LGA_Summary!$E:$E,LGA_Summary!$A:$A,"QLD",LGA_Summary!$F:$F,3)>0,D26/SUMIFS(LGA_Summary!$E:$E,LGA_Summary!$A:$A,"QLD",LGA_Summary!$F:$F,3)*1000,"") -> 0.3967863 | J26: =IF(SUMIFS(LGA_Summary!$E:$E,LGA_Summary!$A:$A,"QLD",LGA_Summary!$F:$F,4)>0,E26/SUMIFS(LGA_Summary!$E:$E,LGA_Summary!$A:$A,"QLD",LGA_Summary!$F:$F,4)*1000,"") -> 0.38164727 | K26: =IF(SUMIFS(LGA_Summary!$E:$E,LGA_Summary!$A:$A,"QLD",LGA_Summary!$F:$F,5)>0,F26/SUMIFS(LGA_Summary!$E:$E,LGA_Summary!$A:$A,"QLD",LGA_Summary!$F:$F,5)*1000,"") -> 1.0767232 | L26: =SUM(B26:F26)/SUMIFS(LGA_Summary!$E:$E,LGA_Summary!$A:$A,"QLD")*1000 -> 0.6777044
A27: 44805 | B27: =SUMIFS(Stock_QLD_LGA!$D:$D,Stock_QLD_LGA!$C:$C,1,Stock_QLD_LGA!$B:$B,$A27) -> 606 | C27: =SUMIFS(Stock_QLD_LGA!$D:$D,Stock_QLD_LGA!$C:$C,2,Stock_QLD_LGA!$B:$B,$A27) -> 1236 | D27: =SUMIFS(Stock_QLD_LGA!$D:$D,Stock_QLD_LGA!$C:$C,3,Stock_QLD_LGA!$B:$B,$A27) -> 614 | E27: =SUMIFS(Stock_QLD_LGA!$D:$D,Stock_QLD_LGA!$C:$C,4,Stock_QLD_LGA!$B:$B,$A27) -> 253 | F27: =SUMIFS(Stock_QLD_LGA!$D:$D,Stock_QLD_LGA!$C:$C,5,Stock_QLD_LGA!$B:$B,$A27) -> 2377 | G27: =IF(SUMIFS(LGA_Summary!$E:$E,LGA_Summary!$A:$A,"QLD",LGA_Summary!$F:$F,1)>0,B27/SUMIFS(LGA_Summary!$E:$E,LGA_Summary!$A:$A,"QLD",LGA_Summary!$F:$F,1)*1000,"") -> 0.85867073 | H27: =IF(SUMIFS(LGA_Summary!$E:$E,LGA_Summary!$A:$A,"QLD",LGA_Summary!$F:$F,2)>0,C27/SUMIFS(LGA_Summary!$E:$E,LGA_Summary!$A:$A,"QLD",LGA_Summary!$F:$F,2)*1000,"") -> 1.7651167 | I27: =IF(SUMIFS(LGA_Summary!$E:$E,LGA_Summary!$A:$A,"QLD",LGA_Summary!$F:$F,3)>0,D27/SUMIFS(LGA_Summary!$E:$E,LGA_Summary!$A:$A,"QLD",LGA_Summary!$F:$F,3)*1000,"") -> 0.82866255 | J27: =IF(SUMIFS(LGA_Summary!$E:$E,LGA_Summary!$A:$A,"QLD",LGA_Summary!$F:$F,4)>0,E27/SUMIFS(LGA_Summary!$E:$E,LGA_Summary!$A:$A,"QLD",LGA_Summary!$F:$F,4)*1000,"") -> 0.76028945 | K27: =IF(SUMIFS(LGA_Summary!$E:$E,LGA_Summary!$A:$A,"QLD",LGA_Summary!$F:$F,5)>0,F27/SUMIFS(LGA_Summary!$E:$E,LGA_Summary!$A:$A,"QLD",LGA_Summary!$F:$F,5)*1000,"") -> 2.2609285 | L27: =SUM(B27:F27)/SUMIFS(LGA_Summary!$E:$E,LGA_Summary!$A:$A,"QLD")*1000 -> 1.4403697
